Workbook

Sheet RIO DE JANEIRO
A1: CONSOLIDADO DE ESTOQUE — RIO DE JANEIRO
A2: Itens únicos (sem repetição entre abas — prioridade A→B→C). Coluna Categoria identifica Ferramentaria ou SSO.
A4: Categoria | B4: Código | C4: Descrição | D4: Unidade | E4: Aba origem | F4: Quantidade
A5: Ferramentaria | B5: 1000032 | C5: ALICATE DE BICO 6 | D5: PÇ | E5: A | F5: =SUMIF(a!$B:$B,$B5,a!$F:$F) -> 40
A6: Ferramentaria | B6: 1000033 | C6: ALICATE DE CORTE 6 | D6: PÇ | E6: A | F6: =SUMIF(a!$B:$B,$B6,a!$F:$F) -> 11
A7: Ferramentaria | B7: 1001306 | C7: ALICATE DE GRIMPAR RJ11 / RJ45 | D7: UND | E7: A | F7: =SUMIF(a!$B:$B,$B7,a!$F:$F) -> 53
A8: Ferramentaria | B8: 1000036 | C8: ALICATE DE PRESSÃO RG6 | D8: PÇ | E8: A | F8: =SUMIF(a!$B:$B,$B8,a!$F:$F) -> 50
A9: Ferramentaria | B9: 1000039 | C9: ALICATE UNIVERSAL 8 | D9: PÇ | E9: A | F9: =SUMIF(a!$B:$B,$B9,a!$F:$F) -> 75
A10: Ferramentaria | B10: 1001455 | C10: APLICADOR DE COLA QUENTE | D10: UN | E10: A | F10: =SUMIF(a!$B:$B,$B10,a!$F:$F) -> 103
A11: Ferramentaria | B11: 1000048 | C11: BADISCO DIGITAL GANDOLA | D11: PÇ | E11: A | F11: =SUMIF(a!$B:$B,$B11,a!$F:$F) -> 198
A12: Ferramentaria | B12: 1001702 | C12: BROCA CHATA MADEIRA 10 MM X 150 MM | D12: UN | E12: A | F12: =SUMIF(a!$B:$B,$B12,a!$F:$F) -> 5
A13: Ferramentaria | B13: 1001701 | C13: BROCA CHATA MADEIRA 8 MM X 150 MM | D13: UN | E13: A | F13: =SUMIF(a!$B:$B,$B13,a!$F:$F) -> 5
A14: Ferramentaria | B14: 1001680 | C14: BROCA DE WIDEA 10MM X 400MM (LONGA) | D14: PÇ | E14: A | F14: =SUMIF(a!$B:$B,$B14,a!$F:$F) -> 43
A15: Ferramentaria | B15: 1008890 | C15: CAMERA SONDA ENDOSCOPICA- 5 M | D15: UN | E15: A | F15: =SUMIF(a!$B:$B,$B15,a!$F:$F) -> 6
A16: Ferramentaria | B16: 1001289 | C16: CANETA DETECTORA DE TENSÃO 90 - 100 | D16: UND | E16: A | F16: =SUMIF(a!$B:$B,$B16,a!$F:$F) -> 125
... A37: Ferramentaria | B37: 1001476 | C37: TESTADOR DE CABO DE REDE LAN (ETHER) | D37: UN | E37: A | F37: =SUMIF(a!$B:$B,$B37,a!$F:$F) -> 164
A38: Ferramentaria | B38: 1000037 | C38: ALICATE DECAPADOR DE FIBRA OPTICA | D38: PÇ | E38: B | F38: =SUMIF(b!$B:$B,$B38,b!$F:$F) -> 173
A39: Ferramentaria | B39: 1000049 | C39: BALDE DE LONA | D39: PÇ | E39: B | F39: =SUMIF(b!$B:$B,$B39,b!$F:$F) -> 19
A40: Ferramentaria | B40: 1001712 | C40: BROCA CHATA MADEIRA 6MM X 150MM | D40: UN | E40: B | F40: =SUMIF(b!$B:$B,$B40,b!$F:$F) -> 5
A41: Ferramentaria | B41: 1001939 | C41: CAVALETE SUPORTE PARA BOBINA | D41: UN | E41: B | F41: =SUMIF(b!$B:$B,$B41,b!$F:$F) -> 10
A42: Ferramentaria | B42: 1000183 | C42: CHAVE DE FENDA GRANDE | D42: UND | E42: B | F42: =SUMIF(b!$B:$B,$B42,b!$F:$F) -> 64
A43: Ferramentaria | B43: 1000185 | C43: CHAVE DE FENDA PEQUENA | D43: UND | E43: B | F43: =SUMIF(b!$B:$B,$B43,b!$F:$F) -> 88
A44: Ferramentaria | B44: 1000197 | C44: CHAVE PHILIPS MEDIA | D44: UND | E44: B | F44: =SUMIF(b!$B:$B,$B44,b!$F:$F) -> 54
A45: Ferramentaria | B45: 1000319 | C45: LANTERNA | D45: UND | E45: B | F45: =SUMIF(b!$B:$B,$B45,b!$F:$F) -> 56
A46: Ferramentaria | B46: 1002108 | C46: TESOURÃO CORTA VERGALHÃO 30 | D46: UN | E46: B | F46: =SUMIF(b!$B:$B,$B46,b!$F:$F) -> 13
A47: Ferramentaria | B47: 1001719 | C47: ALICATE COMPRESSÃO P/ CABO COAXIAL | D47: PÇ | E47: C | F47: =SUMIF('c'!$B:$B,$B47,'c'!$F:$F) -> 3
A48: Ferramentaria | B48: 1001941 | C48: BROCA DE WIDEA 8MM X 400MM (LONGA) | D48: UNID | E48: C | F48: =SUMIF('c'!$B:$B,$B48,'c'!$F:$F) -> 49
A49: Ferramentaria | B49: 1000089 | C49: BROCA WIDEA 6MM | D49: PÇ | E49: C | F49: =SUMIF('c'!$B:$B,$B49,'c'!$F:$F) -> 122
A50: Ferramentaria | B50: 1000170 | C50: CHAVE CANHÃO 7 MM | D50: PÇ | E50: C | F50: =SUMIF('c'!$B:$B,$B50,'c'!$F:$F) -> 11
A51: Ferramentaria | B51: 1000171 | C51: CHAVE CANHÃO 8 MM | D51: PÇ | E51: C | F51: =SUMIF('c'!$B:$B,$B51,'c'!$F:$F) -> 31
A52: Ferramentaria | B52: 1000189 | C52: CHAVE INGLESA 10MM | D52: UND | E52: C | F52: =SUMIF('c'!$B:$B,$B52,'c'!$F:$F) -> 24
A53: Ferramentaria | B53: 1000196 | C53: CHAVE PHILIPS GRANDE | D53: UND | E53: C | F53: =SUMIF('c'!$B:$B,$B53,'c'!$F:$F) -> 30
A54: Ferramentaria | B54: 1000198 | C54: CHAVE PHILIPS PEQUENA | D54: UND | E54: C | F54: =SUMIF('c'!$B:$B,$B54,'c'!$F:$F) -> 153
A55: Ferramentaria | B55: 1000262 | C55: FERRO DE CAIXA | D55: UND | E55: C | F55: =SUMIF('c'!$B:$B,$B55,'c'!$F:$F) -> 107
A56: Ferramentaria | B56: 1000470 | C56: TRENA FIBRA DE VIDRO 50M | D56: PÇ | E56: C | F56: =SUMIF('c'!$B:$B,$B56,'c'!$F:$F) -> 74
A57: Ferramentaria | B57: 1000478 | C57: VERRUMA | D57: PÇ | E57: C | F57: =SUMIF('c'!$B:$B,$B57,'c'!$F:$F) -> 30
A58: SSO | B58: 1001248 | C58: BOTA DE COURO SEM CADARÇO TAM. 36 | D58: PAR | E58: C | F58: =SUMIF('c'!$B:$B,$B58,'c'!$F:$F) -> 6
... A61: SSO | B61: 1000069 | C61: BOTA DE COURO SEM CADARÇO TAM. 39 | D61: PAR | E61: C | F61: =SUMIF('c'!$B:$B,$B61,'c'!$F:$F) -> 49
A62: SSO | B62: 1000070 | C62: BOTA DE COURO SEM CADARÇO TAM. 40 | D62: PAR | E62: A | F62: =SUMIF(a!$B:$B,$B62,a!$F:$F) -> 15
A63: SSO | B63: 1000071 | C63: BOTA DE COURO SEM CADARÇO TAM. 41 | D63: PAR | E63: A | F63: =SUMIF(a!$B:$B,$B63,a!$F:$F) -> 15
A64: SSO | B64: 1000076 | C64: BOTA DE COURO SEM CADARÇO TAM. 46 | D64: PAR | E64: A | F64: =SUMIF(a!$B:$B,$B64,a!$F:$F) -> 30
A65: SSO | B65: 1006855 | C65: CALÇA CINZA CLARO - P | D65: PÇ | E65: B | F65: =SUMIF(b!$B:$B,$B65,b!$F:$F) -> 54
A66: SSO | B66: 1002169 | C66: CALÇA CLARO FFA CINZA - EXGG | D66: PÇ | E66: A | F66: =SUMIF(a!$B:$B,$B66,a!$F:$F) -> 21
A67: SSO | B67: 1002148 | C67: CALÇA CLARO FFA CINZA - P | D67: PÇ | E67: B | F67: =SUMIF(b!$B:$B,$B67,b!$F:$F) -> 54
A68: SSO | B68: 1001999 | C68: CALÇA JEANS C/ FAIXA REFLETIVA IHS (1999) | D68: UN | E68: A | F68: =SUMIF(a!$B:$B,$B68,a!$F:$F) -> 75
A69: SSO | B69: 1006798 | C69: CALÇA JEANS C/ FAIXA REFLETIVA IHS (6798) | D69: PÇ | E69: A | F69: =SUMIF(a!$B:$B,$B69,a!$F:$F) -> 47
A70: SSO | B70: 1001996 | C70: CALÇA JEANS C/ FAIXA REFLETIVA IHS (1996) | D70: UN | E70: A | F70: =SUMIF(a!$B:$B,$B70,a!$F:$F) -> 2
A71: SSO | B71: 1001930 | C71: CALÇA JEANS COM LOGO FFA 42 | D71: UN | E71: C | F71: =SUMIF('c'!$B:$B,$B71,'c'!$F:$F) -> 3
A72: SSO | B72: 1002097 | C72: CAMISA MALHA CINZA GOLA POLO CLARO | D72: UN | E72: A | F72: =SUMIF(a!$B:$B,$B72,a!$F:$F) -> 5
A73: SSO | B73: 1001622 | C73: CAMISA MALHA PV AZUL ROYAL EXG | D73: UN | E73: C | F73: =SUMIF('c'!$B:$B,$B73,'c'!$F:$F) -> 9
A74: SSO | B74: 1001512 | C74: CAMISA MALHA PV AZUL ROYAL G | D74: UN | E74: C | F74: =SUMIF('c'!$B:$B,$B74,'c'!$F:$F) -> 14
A75: SSO | B75: 1001513 | C75: CAMISA MALHA PV AZUL ROYAL GG | D75: UN | E75: C | F75: =SUMIF('c'!$B:$B,$B75,'c'!$F:$F) -> 12
A76: SSO | B76: 1001973 | C76: CAMISA MALHA PV AZUL ROYAL M | D76: UN | E76: C | F76: =SUMIF('c'!$B:$B,$B76,'c'!$F:$F) -> 16
A77: SSO | B77: 1001696 | C77: CAMISA POLO CINZA - CLARO FFA - EXG | D77: UND | E77: A | F77: =SUMIF(a!$B:$B,$B77,a!$F:$F) -> 21
A78: SSO | B78: 1002158 | C78: CAMISA POLO CINZA - CLARO FFA - P | D78: UN | E78: A | F78: =SUMIF(a!$B:$B,$B78,a!$F:$F) -> 5
A79: SSO | B79: 1001909 | C79: CAMISA SOCIAL SUPERVISOR CLARO IAT (1909) | D79: UN | E79: A | F79: =SUMIF(a!$B:$B,$B79,a!$F:$F) -> 9
A80: SSO | B80: 1001906 | C80: CAMISA SOCIAL SUPERVISOR CLARO IAT (1906) | D80: UN | E80: A | F80: =SUMIF(a!$B:$B,$B80,a!$F:$F) -> 11
A81: SSO | B81: 1001905 | C81: CAMISA SOCIAL SUPERVISOR CLARO IAT (1905) | D81: UN | E81: B | F81: =SUMIF(b!$B:$B,$B81,b!$F:$F) -> 20
A82: SSO | B82: 1001907 | C82: CAMISA SOCIAL SUPERVISOR CLARO IAT (1907) | D82: UN | E82: B | F82: =SUMIF(b!$B:$B,$B82,b!$F:$F) -> 14
A83: SSO | B83: 1001302 | C83: CAPA P/ CHUVA FORRADA AMARELA | D83: PÇ | E83: B | F83: =SUMIF(b!$B:$B,$B83,b!$F:$F) -> 101
A84: SSO | B84: 1001190 | C84: CAPACETE ABA TOTAL AZESC | D84: PÇ | E84: A | F84: =SUMIF(a!$B:$B,$B84,a!$F:$F) -> 108
A85: SSO | B85: 1002253 | C85: CAPACETE CICLISTA | D85: UN | E85: C | F85: =SUMIF('c'!$B:$B,$B85,'c'!$F:$F) -> 3
A86: SSO | B86: 1000146 | C86: CARNEIRA P/CAPACETE | D86: PÇ | E86: A | F86: =SUMIF(a!$B:$B,$B86,a!$F:$F) -> 252
A87: SSO | B87: 1002262 | C87: CINTO SEG. PQD C/3 PONTAS E PROT. L | D87: PC | E87: A | F87: =SUMIF(a!$B:$B,$B87,a!$F:$F) -> 24
A88: SSO | B88: 1000206 | C88: COLETE REFLETIVO TP X NOTURNO | D88: PÇ | E88: A | F88: =SUMIF(a!$B:$B,$B88,a!$F:$F) -> 186
A89: SSO | B89: 1000208 | C89: CONE SINALIZAÇÃO GRANDE | D89: UND | E89: A | F89: =SUMIF(a!$B:$B,$B89,a!$F:$F) -> 393
A90: SSO | B90: 1000209 | C90: CONE SINALIZAÇÃO PEQUENO - LARANJA | D90: UND | E90: A | F90: =SUMIF(a!$B:$B,$B90,a!$F:$F) -> 16
A91: SSO | B91: 1001854 | C91: CORDA TRANC 12 MM LVM 20M | D91: PÇ | E91: A | F91: =SUMIF(a!$B:$B,$B91,a!$F:$F) -> 58
A92: SSO | B92: 1006179 | C92: FREIO ABS PARA LINHA DE VIDA | D92: UN | E92: A | F92: =SUMIF(a!$B:$B,$B92,a!$F:$F) -> 21
A93: SSO | B93: 1001923 | C93: JAQUETA CLARO COM CAPUZ - G | D93: UN | E93: A | F93: =SUMIF(a!$B:$B,$B93,a!$F:$F) -> 2
A94: SSO | B94: 1001925 | C94: JAQUETA CLARO COM CAPUZ - XG | D94: UN | E94: A | F94: =SUMIF(a!$B:$B,$B94,a!$F:$F) -> 1
A95: SSO | B95: 1002238 | C95: JAQUETA IHS - EXG | D95: UN | E95: B | F95: =SUMIF(b!$B:$B,$B95,b!$F:$F) -> 12
A96: SSO | B96: 1002239 | C96: JAQUETA IHS - EXG1 | D96: UN | E96: B | F96: =SUMIF(b!$B:$B,$B96,b!$F:$F) -> 12
A97: SSO | B97: 1000305 | C97: JUGULAR P/CAPACETE | D97: PÇ | E97: A | F97: =SUMIF(a!$B:$B,$B97,a!$F:$F) -> 240
A98: SSO | B98: 1002058 | C98: LENÇO UMIDECIDO COM ALCOOL PARA LIMPEZA | D98: UN | E98: B | F98: =SUMIF(b!$B:$B,$B98,b!$F:$F) -> 2
A99: SSO | B99: 1000665 | C99: LUVA DE MALHA PIGMENTADA | D99: PAR | E99: C | F99: =SUMIF('c'!$B:$B,$B99,'c'!$F:$F) -> 170
A100: SSO | B100: 1000327 | C100: LUVA DE VAQUETA MISTA CANO CURTO | D100: PAR | E100: B | F100: =SUMIF(b!$B:$B,$B100,b!$F:$F) -> 146
A101: SSO | B101: 1006150 | C101: LUVA MULTITATO PU | D101: PAR | E101: C | F101: =SUMIF('c'!$B:$B,$B101,'c'!$F:$F) -> 88
A102: SSO | B102: 1000544 | C102: MOSQUETAO DE FERRO | D102: UND | E102: B | F102: =SUMIF(b!$B:$B,$B102,b!$F:$F) -> 125
A103: SSO | B103: 1000366 | C103: OCULOS DE PROTEÇÃO - PRETO | D103: UND | E103: C | F103: =SUMIF('c'!$B:$B,$B103,'c'!$F:$F) -> 0
A104: SSO | B104: 1006826 | C104: POLO VERDE C/ ZIPER C/ FAIXA REFLETIVA (6826) | D104: UN | E104: A | F104: =SUMIF(a!$B:$B,$B104,a!$F:$F) -> 57
A105: SSO | B105: 1001987 | C105: POLO VERDE C/ ZIPER C/ FAIXA REFLETIVA (1987) | D105: UN | E105: A | F105: =SUMIF(a!$B:$B,$B105,a!$F:$F) -> 39
A106: SSO | B106: 1001991 | C106: POLO VERDE C/ ZIPER C/ FAIXA REFLETIVA (1991) | D106: UN | E106: A | F106: =SUMIF(a!$B:$B,$B106,a!$F:$F) -> 53
A107: SSO | B107: 1000583 | C107: PROTETOR SOLAR | D107: UND | E107: C | F107: =SUMIF('c'!$B:$B,$B107,'c'!$F:$F) -> 248
A108: SSO | B108: 1000648 | C108: TALABARTE (APA SEG)TIPO Y DE FITA | D108: UND | E108: A | F108: =SUMIF(a!$B:$B,$B108,a!$F:$F) -> 58
A109: SSO | B109: 1000995 | C109: TALABARTE DE POSICIONAMENTO REGULÁVEL | D109: UND | E109: A | F109: =SUMIF(a!$B:$B,$B109,a!$F:$F) -> 24
A110: SSO | B110: 1000367 | C110: ÓCULOS DE PROTEÇÃO INCOLOR | D110: UND | E110: C | F110: =SUMIF('c'!$B:$B,$B110,'c'!$F:$F) -> 145
A111: TOTAL GERAL | F111: =SUM(F5:F110) -> 6039

Sheet VITORIA
A1: CONSOLIDADO DE ESTOQUE — VITÓRIA
A2: Itens da unidade Vitória (ES). Contagem importada da planilha de origem.
A4: Categoria | B4: Código | C4: Descrição | D4: Unidade | E4: Classe (A/B/C) | F4: Quantidade
A5: FERRAMENTARIA | B5: 1000021 | C5: ALAVANCA DE AÇO 1,45MTS | D5: PÇ | E5: A | F5: 66
A6: FERRAMENTARIA | B6: 1000031 | C6: ALCOOL ISOPROPILICO 1000ML | D6: LT | E6: A | F6: 40
A7: FERRAMENTARIA | B7: 1001719 | C7: ALICATE COMPRESSÃO P/ CABO COAXIAL RG11 | D7: PÇ | E7: A | F7: 42
A8: FERRAMENTARIA | B8: 1001962 | C8: ALICATE CORTA E DESENCAPA CABO (BANANA) | D8: UNID | E8: B | F8: 12
A9: FERRAMENTARIA | B9: 1000032 | C9: ALICATE DE BICO 6 | D9: PÇ | E9: A | F9: 53
A10: FERRAMENTARIA | B10: 1000033 | C10: ALICATE DE CORTE 6 | D10: PÇ | E10: A | F10: 28
A11: FERRAMENTARIA | B11: 1001306 | C11: ALICATE DE GRIMPAR RJ11 / RJ45 | D11: UND | E11: A | F11: 30
A12: FERRAMENTARIA | B12: 1008878 | C12: ALICATE DECAPADOR COAXIAL RG6/RG7 | D12: UN | E12: B | F12: 23
A13: FERRAMENTARIA | B13: 1000037 | C13: ALICATE DECAPADOR DE FIBRA OPTICA | D13: PÇ | E13: A | F13: 56
A14: FERRAMENTARIA | B14: 1001410 | C14: ALICATE GRIMPADOR RJ-11 | D14: UND | E14: C | F14: 10
A15: FERRAMENTARIA | B15: 1001260 | C15: ALICATE P/ BOMBA DAGUA | D15: UND | E15: C | F15: 2
A16: FERRAMENTARIA | B16: 1000039 | C16: ALICATE UNIVERSAL 8 | D16: PÇ | E16: A | F16: 45
... A203: FERRAMENTARIA | B203: 1000478 | C203: VERRUMA | D203: PÇ | E203: B | F203: 24
A204: SSO | B204: 1006924 | C204: ABAFADOR RUIDO TIPO CONCHA | D204: UN | F204: 2
A205: SSO | B205: 1001850 | C205: ANEL DE ANCORAGEM 1,50M | D205: PÇ | F205: 49
A206: SSO | B206: 1006180 | C206: ANEL DE ANCORAGEM 2,00 MT | D206: UN | F206: 43
A207: SSO | B207: 1000052 | C207: BANDEROLA DE SINALIZAÇÃO | D207: UND | F207: 68
A208: SSO | B208: 1006146 | C208: BERMUDA EM BRIM COM LOGO FFA - GG | D208: UN | F208: 1
A209: SSO | B209: 1001864 | C209: BOLSA DE LONA PARA KIT LINHA DE VIDA | D209: UND | F209: 32
A210: SSO | B210: 1001249 | C210: BOTA DE COURO SEM CADARÇO TAM. 37 | D210: PAR | F210: 0
A211: SSO | B211: 1000068 | C211: BOTA DE COURO SEM CADARÇO TAM. 38 | D211: PAR | F211: 5
A212: SSO | B212: 1000069 | C212: BOTA DE COURO SEM CADARÇO TAM. 39 | D212: PAR | F212: 4
A213: SSO | B213: 1000070 | C213: BOTA DE COURO SEM CADARÇO TAM. 40 | D213: PAR | F213: 7
A214: SSO | B214: 1000071 | C214: BOTA DE COURO SEM CADARÇO TAM. 41 | D214: PAR | F214: 7
A215: SSO | B215: 1000072 | C215: BOTA DE COURO SEM CADARÇO TAM. 42 | D215: PAR | F215: 11
... A283: SSO | B283: B1002148 | C283: REAP-CALÇA CLARO FFA CINZA - P | D283: PÇ | F283: 5
A284: SSO | B284: B1001697 | C284: REAP-CALÇA CLARO FFA CINZA - G | F284: 12
A285: SSO | B285: B1001698 | C285: REAP-CALÇA CLARO FFA CINZA - GG | D285: UND | F285: 10
A286: SSO | B286: B1001699 | C286: REAP-CALÇA CLARO FFA CINZA - XG | D286: UND | F286: 4
A287: SSO | B287: B1006857 | C287: REAP-CAMISA GOLA POLO CLARO VERMELHO - EXG | D287: PÇ | F287: 4
A288: SSO | B288: B1002147 | C288: REAP-CAMISA GOLA POLO CLARO VERMELHO - EXG1 | D288: UNID | F288: 0
A289: SSO | B289: B1006853 | C289: REAP-CAMISA GOLA POLO CLARO VERMELHO - G | D289: PÇ | F289: 18
A290: SSO | B290: B1006854 | C290: REAP-CAMISA GOLA POLO CLARO VERMELHO - GG | D290: PÇ | F290: 23
A291: SSO | B291: B1006852 | C291: REAP-CAMISA GOLA POLO CLARO VERMELHO - M | D291: PÇ | F291: 10
A292: SSO | B292: B1001905 | C292: REAP-CAMISA SOCIAL SUPERVISOR CLARO IAT M | D292: UN | F292: 2
A293: SSO | B293: B1001908 | C293: REAP-CAMISA SOCIAL SUPERVISOR CLARO IAT XG | D293: UN | F293: 0
A294: SSO | B294: B1001190 | C294: REAP-CAPACETE ABA TOTAL AZESC | D294: PÇ | F294: 0
A295: SSO | B295: B1000204 | C295: REAP-CINTO SEG. PQD C/3 PONTAS E PROT. LOMBAR-APASEG | D295: PÇ | F295: 0
A296: SSO | B296: B1001924 | C296: REAP-JAQUETA CLARO COM CAPUZ - GG | D296: UN | F296: 2
... A303: SSO | B303: 1001853 | C303: TRAVA QUEDAS MOD DOBRADIÇA CORDA 12M | D303: PÇ | F303: 48

Sheet CONTAGEM
A1: Estado | B1: Cidade | C1: Categoria | D1: Código | E1: Descrição | F1: Unidade | G1: Quantidade | H1: Saldo em Estoque | I1: Curva ABC | J1: Diferença | K1: Acertou (exato) | L1: Valor Unitário | M1: Valor Contagem | N1: Valor Estoque
A2: RJ | B2: Rio de Janeiro | C2: FERRAMENTARIA | D2: 1000032 | E2: ALICATE DE BICO 6 | F2: PÇ | G2: 40 | H2: 102 | I2: A | J2: -62 | K2: 0 | L2: =_xlfn.XLOOKUP(D2, [1]!SINAPSE[Valor], [1]!SINAPSE[Valor], " ", 0, 1) -> #REF! | M2: 1400 | N2: 3570
A3: RJ | B3: Niterói | C3: FERRAMENTARIA | D3: 1000032 | E3: ALICATE BICO | F3: UN | G3: 5 | H3: 11 | I3: A | J3: -6 | K3: 0 | L3: 35 | M3: 175 | N3: 385
A4: RJ | B4: Lagos | C4: FERRAMENTARIA | D4: 1000032 | E4: ALICATE DE BICO 6 | F4: PÇ | G4: 4 | H4: 3 | I4: A | J4: 1 | K4: 0 | L4: 35 | M4: 140 | N4: 105
A5: MG | B5: Belo Horizonte | C5: FERRAMENTARIA | D5: 1000137 | E5: CANIVETE | F5: UN | G5: 0 | H5: 0 | I5: C | J5: 0 | K5: 1 | L5: 0 | M5: 0 | N5: 0
A6: MG | B6: Belo Horizonte | C6: FERRAMENTARIA | D6: 1002058 | E6: LENÇO UMIDECIDO COM ALCOOL PARA LIMPEZA | F6: UN | G6: 0 | H6: 0 | I6: C | J6: 0 | K6: 1 | L6: 0 | M6: 0 | N6: 0
A7: MG | B7: Belo Horizonte | C7: FERRAMENTARIA | D7: 1000032 | E7: ALICATE DE BICO 6 | F7: PÇ | G7: 29 | H7: 48 | I7: A | J7: -19 | K7: 0 | L7: 35 | M7: 1015 | N7: 1680
A8: MG | B8: Juiz de Fora | C8: FERRAMENTARIA | D8: 1000032 | E8: ALICATE DE BICO 6 | F8: PÇ | G8: 2 | H8: 6 | I8: A | J8: -4 | K8: 0 | L8: 35 | M8: 70 | N8: 210
A9: MG | B9: Uberlândia | C9: FERRAMENTARIA | D9: 1000032 | E9: ALICATE DE BICO 6 | F9: PÇ | G9: 0 | H9: 1 | I9: A | J9: -1 | K9: 0 | L9: 35 | M9: 0 | N9: 35
A10: MG | B10: Belo Horizonte | C10: FERRAMENTARIA | D10: 1001736 | E10: ORGANIZADOR GRANDE | F10: UN | G10: 0 | H10: 0 | I10: A | J10: 0 | K10: 1 | L10: 0 | M10: 0 | N10: 0
A11: RJ | B11: Petrópolis | C11: FERRAMENTARIA | D11: 1000032 | E11: ALICATE DE BICO 6 | F11: PÇ | G11: 0 | H11: 6 | I11: A | J11: -6 | K11: 0 | L11: 35 | M11: 0 | N11: 210
A12: RJ | B12: Teresópolis | C12: FERRAMENTARIA | D12: 1000032 | E12: ALICATE DE BICO 6 | F12: PÇ | G12: 0 | H12: 9 | I12: A | J12: -9 | K12: 0 | L12: 35 | M12: 0 | N12: 315
A13: MG | B13: Governador Valadares | C13: FERRAMENTARIA | D13: 1000032 | E13: ALICATE DE BICO 6 | F13: PÇ | G13: 2 | H13: 0 | I13: A | J13: 2 | K13: 0 | L13: 35 | M13: 70 | N13: 0
A14: ES | B14: Vitória | C14: FERRAMENTARIA | D14: 1000032 | E14: ALICATE DE BICO 6 | F14: PÇ | G14: 53 | H14: 41 | I14: A | J14: 12 | K14: 0 | L14: 35 | M14: 1855 | N14: 1435
... A297: RJ | B297: Niterói | C297: FERRAMENTARIA | D297: 1000348 | E297: MARTELO | F297: UN | G297: 13 | H297: 23 | I297: A | J297: -10 | K297: 0 | L297: 17 | M297: 221 | N297: 391
A298: RJ | B298: Campos dos Goytacazes | C298: FERRAMENTARIA | D298: 1000391 | E298: PASSA FIO C/ ALMA DE AÇO 20MTS | G298: 0 | H298: 0 | I298: A | J298: 0 | K298: 1 | L298: 0 | M298: 0 | N298: 0
A299: MG | B299: Belo Horizonte | C299: FERRAMENTARIA | D299: 1000348 | E299: MARTELO UNHA | F299: PÇ | G299: 0 | H299: 15 | I299: A | J299: -15 | K299: 0 | L299: 17 | M299: 0 | N299: 255
A300: RJ | B300: Campos dos Goytacazes | C300: FERRAMENTARIA | D300: 1001667 | E300: CANETA P/ LIMPEZA DE CONECTOR 2.5mm | F300: UN | G300: 0 | H300: 0 | I300: B | J300: 0 | K300: 1 | L300: 0 | M300: 0 | N300: 0
A301: RJ | B301: Campos dos Goytacazes | C301: FERRAMENTARIA | D301: 1000536 | E301: JOGO DE CHAVES ALLEN | F301: UND | G301: 4 | H301: 4 | I301: B | J301: 0 | K301: 1 | L301: 69 | M301: 276 | N301: 276
A302: ES | B302: Vitória | C302: FERRAMENTARIA | D302: 1000348 | E302: MARTELO UNHA | F302: PÇ | G302: 22 | H302: 18 | I302: A | J302: 4 | K302: 0 | L302: 17 | M302: 374 | N302: 306
A303: RJ | B303: Rio de Janeiro | C303: FERRAMENTARIA | D303: 1001941 | E303: BROCA DE WIDEA 8MM X 400MM (LONGA) | F303: UNID | G303: 49 | H303: 132 | I303: A | J303: -83 | K303: 0 | L303: 3.8 | M303: 186.2 | N303: 501.6
A304: RJ | B304: Petrópolis | C304: FERRAMENTARIA | D304: 1001941 | E304: BROCA DE WIDEA 8MM X 400MM (LONGA) | F304: UNID | G304: 0 | H304: 2 | I304: A | J304: -2 | K304: 0 | L304: 3.8 | M304: 0 | N304: 7.6
A305: RJ | B305: Teresópolis | C305: FERRAMENTARIA | D305: 1001941 | E305: BROCA DE WIDEA 8MM X 400MM (LONGA) | F305: UNID | G305: 0 | H305: 5 | I305: B | J305: -5 | K305: 0 | L305: 3.8 | M305: 0 | N305: 19
A306: RJ | B306: Lagos | C306: FERRAMENTARIA | D306: 1001476 | E306: TESTADOR DE CABO DE REDE LAN (ETHER) | F306: UN | G306: 8 | H306: 0 | I306: A | J306: 8 | K306: 0 | L306: 0 | M306: 0 | N306: 0
A307: RJ | B307: Rio de Janeiro | C307: FERRAMENTARIA | D307: 1001476 | E307: TESTADOR DE CABO DE REDE LAN (ETHER) | F307: UN | G307: 164 | H307: 0 | I307: A | J307: 164 | K307: 0 | L307: 0 | M307: 0 | N307: 0
A308: RJ | B308: Campos dos Goytacazes | C308: FERRAMENTARIA | D308: 1000089 | E308: BROCA WIDEA 6MM | F308: PÇ | G308: 7 | H308: 7 | I308: C | J308: 0 | K308: 1 | L308: 3.5 | M308: 24.5 | N308: 24.5
A309: RJ | B309: Nova Friburgo | C309: FERRAMENTARIA | D309: 1001476 | E309: TESTADOR DE CABO DE REDE LAN (ETHERNET) | F309: UN | G309: 6 | H309: 0 | I309: A | J309: 6 | K309: 0 | L309: 0 | M309: 0 | N309: 0
A310: RJ | B310: Teresópolis | C310: FERRAMENTARIA | D310: 1001476 | E310: TESTADOR DE CABO DE REDE LAN (ETHER) | F310: UN | G310: 164 | H310: 0 | I310: A | J310: 164 | K310: 0 | L310: 0 | M310: 0 | N310: 0
... A330: RJ | B330: Rio de Janeiro | C330: FERRAMENTARIA | D330: 1000171 | E330: CHAVE CANHÃO 8 MM | F330: PÇ | G330: 31 | H330: 19 | I330: A | J330: 12 | K330: 0 | L330: 15.9 | M330: 492.9 | N330: 302.1
A331: RJ | B331: Campos dos Goytacazes | C331: FERRAMENTARIA | D331: 1006121 | E331: MEDIDOR DSAM JDSU 6300 | G331: 0 | H331: 0 | I331: C | J331: 0 | K331: 1 | L331: 0 | M331: 0 | N331: 0
A332: MG | B332: Uberlândia | C332: FERRAMENTARIA | D332: 1000171 | E332: CHAVE CANHÃO 8 MM | F332: PÇ | G332: 0 | H332: 1 | I332: B | J332: -1 | K332: 0 | L332: 15.9 | M332: 0 | N332: 15.9
A333: MG | B333: Belo Horizonte | C333: FERRAMENTARIA | D333: 1000171 | E333: CHAVE CANHÃO 8 MM | F333: PÇ | G333: 0 | H333: 1 | I333: B | J333: -1 | K333: 0 | L333: 15.9 | M333: 0 | N333: 15.9
A334: RJ | B334: Rio de Janeiro | C334: FERRAMENTARIA | D334: 1000189 | E334: CHAVE INGLESA 10MM | F334: UND | G334: 24 | H334: 0 | I334: A | J334: 24 | K334: 0 | L334: 0 | M334: 0 | N334: 0
A335: RJ | B335: Rio de Janeiro | C335: FERRAMENTARIA | D335: 1000262 | E335: FERRO DE CAIXA | F335: UND | G335: 107 | H335: 0 | I335: C | J335: 107 | K335: 0 | L335: 0 | M335: 0 | N335: 0
A336: RJ | B336: Campos dos Goytacazes | C336: FERRAMENTARIA | D336: 1000392 | E336: PASSA FIO NYLON (GUIA) 20MTS | G336: 0 | H336: 0 | I336: C | J336: 0 | K336: 1 | L336: 0 | M336: 0 | N336: 0
A337: RJ | B337: Rio de Janeiro | C337: FERRAMENTARIA | D337: 1000470 | E337: TRENA FIBRA DE VIDRO 50M | F337: PÇ | G337: 74 | H337: 70 | I337: A | J337: 4 | K337: 0 | L337: 26.9 | M337: 1990.6 | N337: 1883
A338: MG | B338: Governador Valadares | C338: FERRAMENTARIA | D338: 1000039 | E338: ALICATE UNIVERSAL 8 | F338: PÇ | G338: 2 | H338: 2 | I338: A | J338: 0 | K338: 1 | L338: 35 | M338: 70 | N338: 70
A339: MG | B339: Belo Horizonte | C339: FERRAMENTARIA | D339: 1000470 | E339: TRENA FIBRA DE VIDRO 50M | F339: PÇ | G339: 0 | H339: 21 | I339: A | J339: -21 | K339: 0 | L339: 26.9 | M339: 0 | N339: 564.9
A340: MG | B340: Juiz de Fora | C340: FERRAMENTARIA | D340: 1000470 | E340: TRENA FIBRA DE VIDRO 50M | F340: PÇ | G340: 2 | H340: 1 | I340: B | J340: 1 | K340: 0 | L340: 26.9 | M340: 53.8 | N340: 26.9
A341: RJ | B341: Rio de Janeiro | C341: FERRAMENTARIA | D341: 1000478 | E341: VERRUMA | F341: PÇ | G341: 30 | H341: 0 | I341: A | J341: 30 | K341: 0 | L341: 0 | M341: 0 | N341: 0
A342: MG | B342: Belo Horizonte | C342: FERRAMENTARIA | D342: 1000838 | E342: CHAVE CANHÃO 10 | F342: UN | G342: 0 | H342: 4 | I342: B | J342: -4 | K342: 0 | L342: 13.3 | M342: 0 | N342: 53.2
A343: MG | B343: Governador Valadares | C343: FERRAMENTARIA | D343: 1000838 | E343: CHAVE CANHÃO 10 | F343: UND | G343: 4 | H343: 3 | I343: B | J343: 1 | K343: 0 | L343: 13.3 | M343: 53.2 | N343: 39.9
A344: MG | B344: Governador Valadares | C344: FERRAMENTARIA | D344: 1001029 | E344: ARCO DE SERRA | F344: UND | G344: 1 | H344: 1 | I344: A | J344: 0 | K344: 1 | L344: 18 | M344: 18 | N344: 18
A345: MG | B345: Governador Valadares | C345: FERRAMENTARIA | D345: 1006845 | E345: CHAVE DE FENDA 3/16 | F345: PÇ | G345: 2 | H345: 2 | I345: A | J345: 0 | K345: 1 | L345: 5.9 | M345: 11.8 | N345: 11.8
A346: MG | B346: Governador Valadares | C346: FERRAMENTARIA | D346: 1000545 | E346: PILHA AA | F346: UND | G346: 0 | H346: 0 | I346: A | J346: 0 | K346: 1 | L346: 0 | M346: 0 | N346: 0
A347: MG | B347: Belo Horizonte | C347: FERRAMENTARIA | D347: 1000167 | E347: CHAVE CANHÃO 10 MM | F347: PÇ | G347: 2 | H347: 4 | I347: C | J347: -2 | K347: 0 | L347: 17.4 | M347: 34.8 | N347: 69.6
A348: MG | B348: Varginha | C348: FERRAMENTARIA | D348: 1000167 | E348: CHAVE CANHÃO 10 MM | F348: PÇ | G348: 3 | H348: 1 | I348: C | J348: 2 | K348: 0 | L348: 17.4 | M348: 52.2 | N348: 17.4
... A387: MG | B387: Governador Valadares | C387: FERRAMENTARIA | D387: 1000195 | E387: CHAVE P/ CAIXA SUBTERRANEA | F387: PÇ | G387: 0 | H387: 0 | I387: A | J387: 0 | K387: 1 | L387: 0 | M387: 0 | N387: 0
A388: RJ | B388: Lagos | C388: FERRAMENTARIA | D388: 1001599 | E388: CANETA MARCADORA PERMANENTE | G388: 1 | H388: 0 | I388: C | J388: 1 | K388: 0 | L388: 0 | M388: 0 | N388: 0
A389: RJ | B389: Lagos | C389: SSO | D389: 1001694 | E389: CAMISA POLO CINZA - CLARO FFA - GG | F389: UND | G389: 0 | H389: 0 | I389: A | J389: 0 | K389: 1 | L389: 0 | M389: 0 | N389: 0
A390: RJ | B390: Lagos | C390: SSO | D390: 1001698 | E390: CALÇA CLARO FFA CINZA - GG | F390: UND | G390: 1 | H390: 0 | I390: A | J390: 1 | K390: 0 | L390: 0 | M390: 0 | N390: 0
A391: ES | B391: Vitória | C391: FERRAMENTARIA | D391: 1001263 | E391: CHAVE DE TESTE DIGITAL COM DISPLAY | F391: UND | G391: 23 | H391: 20 | I391: A | J391: 3 | K391: 0 | L391: 9 | M391: 207 | N391: 180
A392: RJ | B392: Rio de Janeiro | C392: SSO | D392: 1002058 | E392: LENÇO UMIDECIDO COM ALCOOL PARA LIMPEZA | F392: UN | G392: 2 | H392: 0 | I392: C | J392: 2 | K392: 0 | L392: 0 | M392: 0 | N392: 0
A393: RJ | B393: Nova Friburgo | C393: FERRAMENTARIA | D393: 1002058 | E393: LENÇO UMIDECIDO COM ALCOOL PARA LIMPEZA | F393: UN | G393: 150 | H393: 0 | I393: A | J393: 150 | K393: 0 | L393: 0 | M393: 0 | N393: 0
A394: MG | B394: Juiz de Fora | C394: FERRAMENTARIA | D394: 1001262 | E394: BICO P/ MAÇARICO PORTATIL A GAS | F394: UND | G394: 2 | H394: 2 | I394: A | J394: 0 | K394: 1 | L394: 19 | M394: 38 | N394: 38
A395: RJ | B395: Petrópolis | C395: FERRAMENTARIA | D395: 1000545 | E395: PILHA AA | F395: UND | G395: 2 | H395: 0 | I395: A | J395: 2 | K395: 0 | L395: 0 | M395: 0 | N395: 0
A396: MG | B396: Juiz de Fora | C396: FERRAMENTARIA | D396: 1000545 | E396: PILHA AA | F396: UND | G396: 16 | H396: 0 | I396: B | J396: 16 | K396: 0 | L396: 0 | M396: 0 | N396: 0
A397: MG | B397: Juiz de Fora | C397: FERRAMENTARIA | D397: 1001284 | E397: ESCADA 7,20 MTS | F397: UND | G397: 1 | H397: 1 | I397: A | J397: 0 | K397: 1 | L397: 760 | M397: 760 | N397: 760
A398: ES | B398: Vitória | C398: FERRAMENTARIA | D398: 1000545 | E398: PILHA AA | F398: UND | G398: 312 | H398: 0 | I398: A | J398: 312 | K398: 0 | L398: 0 | M398: 0 | N398: 0
A399: RJ | B399: Petrópolis | C399: SSO | D399: 1000052 | E399: BANDEROLA DE SINALIZAÇÃO | F399: UND | G399: 0 | H399: 0 | I399: A | J399: 0 | K399: 1 | L399: 0 | M399: 0 | N399: 0
A400: RJ | B400: Teresópolis | C400: SSO | D400: 1000052 | E400: BANDEROLA DE SINALIZAÇÃO | F400: UND | G400: 5 | H400: 0 | I400: A | J400: 5 | K400: 0 | L400: 0 | M400: 0 | N400: 0
A401: MG | B401: Governador Valadares | C401: SSO | D401: 2000456 | E401: COLETE REFLETIVO DE SEGURANÇA TP BLUSÃO | G401: 0 | H401: 1 | I401: B | J401: -1 | K401: 0 | L401: 23.8 | M401: 0 | N401: 23.8
A402: RJ | B402: Petrópolis | C402: FERRAMENTARIA | D402: 1001718 | E402: DECAPADOR CANETA | F402: UN | G402: 1 | H402: 2 | I402: A | J402: -1 | K402: 0 | L402: 40 | M402: 40 | N402: 80
A403: RJ | B403: Teresópolis | C403: FERRAMENTARIA | D403: 1001718 | E403: DECAPADOR CANETA | F403: UN | G403: 2 | H403: 3 | I403: B | J403: -1 | K403: 0 | L403: 40 | M403: 80 | N403: 120
A404: RJ | B404: Niterói | C404: FERRAMENTARIA | D404: 1001718 | E404: DECAPADOR CANETA | F404: UN | G404: 10 | H404: 15 | I404: A | J404: -5 | K404: 0 | L404: 40 | M404: 400 | N404: 600
A405: RJ | B405: Petrópolis | C405: FERRAMENTARIA | D405: 1000481 | E405: DECAPADOR DE CABOS | F405: UND | G405: 9 | H405: 11 | I405: B | J405: -2 | K405: 0 | L405: 16 | M405: 144 | N405: 176
A406: RJ | B406: Teresópolis | C406: FERRAMENTARIA | D406: 1000481 | E406: DECAPADOR DE CABOS | F406: UND | G406: 6 | H406: 7 | I406: A | J406: -1 | K406: 0 | L406: 16 | M406: 96 | N406: 112
A407: RJ | B407: Campo Grande | C407: FERRAMENTARIA | D407: 1000481 | E407: DECAPADOR DE CABOS | F407: UND | G407: 3 | H407: 2 | I407: A | J407: 1 | K407: 0 | L407: 16 | M407: 48 | N407: 32
A408: RJ | B408: Niterói | C408: FERRAMENTARIA | D408: 1000481 | E408: DECAPADOR DE CABOS | F408: UN | G408: 13 | H408: 12 | I408: B | J408: 1 | K408: 0 | L408: 16 | M408: 208 | N408: 192
A409: RJ | B409: Petrópolis | C409: FERRAMENTARIA | D409: 1001299 | E409: DECAPADOR PARA CABO DROP | F409: UND | G409: 4 | H409: 5 | I409: A | J409: -1 | K409: 0 | L409: 15 | M409: 60 | N409: 75
A410: MG | B410: Juiz de Fora | C410: FERRAMENTARIA | D410: 1000348 | E410: MARTELO UNHA | F410: PÇ | G410: 1 | H410: 1 | I410: B | J410: 0 | K410: 1 | L410: 17 | M410: 17 | N410: 17
A411: RJ | B411: Niterói | C411: FERRAMENTARIA | D411: 1001299 | E411: DECAPADOR DROP | F411: UN | G411: 10 | H411: 17 | I411: A | J411: -7 | K411: 0 | L411: 15 | M411: 150 | N411: 255
A412: MG | B412: Belo Horizonte | C412: FERRAMENTARIA | D412: 1001299 | E412: DECAPADOR PARA CABO DROP | F412: UN | G412: 60 | H412: 84 | I412: A | J412: -24 | K412: 0 | L412: 15 | M412: 900 | N412: 1260
A413: MG | B413: Juiz de Fora | C413: FERRAMENTARIA | D413: 1006843 | E413: CHAVE DE FENDA 1/4 | F413: PÇ | G413: 3 | H413: 3 | I413: A | J413: 0 | K413: 1 | L413: 5.9 | M413: 17.7 | N413: 17.7
... A540: MG | B540: Belo Horizonte | C540: FERRAMENTARIA | D540: 1006836 | E540: CHAVE BOCA/ESTRIA 5/16 | F540: PÇ | G540: 12 | H540: 0 | I540: A | J540: 12 | K540: 0 | L540: 0 | M540: 0 | N540: 0
A541: RJ | B541: Lagos | C541: FERRAMENTARIA | D541: 1001936 | E541: BROCA AÇO RAPIDO 3/16 | G541: 5 | H541: 5 | I541: C | J541: 0 | K541: 1 | L541: 1.8 | M541: 9 | N541: 9
A542: MG | B542: Governador Valadares | C542: FERRAMENTARIA | D542: 1006836 | E542: CHAVE BOCA/ESTRIA 5/16 | F542: PÇ | G542: 1 | H542: 0 | I542: A | J542: 1 | K542: 0 | L542: 0 | M542: 0 | N542: 0
A543: MG | B543: Varginha | C543: FERRAMENTARIA | D543: 1006836 | E543: CHAVE BOCA/ESTRIA 5/16 | F543: PÇ | G543: 4 | H543: 0 | I543: B | J543: 4 | K543: 0 | L543: 0 | M543: 0 | N543: 0
A544: RJ | B544: Lagos | C544: FERRAMENTARIA | D544: 1000348 | E544: MARTELO UNHA | F544: PÇ | G544: 1 | H544: 1 | I544: A | J544: 0 | K544: 1 | L544: 17 | M544: 17 | N544: 17
A545: MG | B545: Belo Horizonte | C545: FERRAMENTARIA | D545: 1006837 | E545: CHAVE BOCA/ESTRIA 7/16 | F545: PÇ | G545: 1 | H545: 0 | I545: B | J545: 1 | K545: 0 | L545: 0 | M545: 0 | N545: 0
A546: RJ | B546: Lagos | C546: FERRAMENTARIA | D546: 1000089 | E546: BROCA WIDEA 6MM | F546: PÇ | G546: 2 | H546: 2 | I546: A | J546: 0 | K546: 1 | L546: 3.5 | M546: 7 | N546: 7
A547: MG | B547: Governador Valadares | C547: FERRAMENTARIA | D547: 1006837 | E547: CHAVE BOCA/ESTRIA 7/16 | F547: PÇ | G547: 2 | H547: 0 | I547: B | J547: 2 | K547: 0 | L547: 0 | M547: 0 | N547: 0
A548: MG | B548: Varginha | C548: FERRAMENTARIA | D548: 1006837 | E548: CHAVE BOCA/ESTRIA 7/16 | F548: PÇ | G548: 5 | H548: 0 | I548: A | J548: 5 | K548: 0 | L548: 0 | M548: 0 | N548: 0
A549: MG | B549: Belo Horizonte | C549: FERRAMENTARIA | D549: 1006838 | E549: CHAVE BOCA/ESTRIA 7/8 | F549: PÇ | G549: 2 | H549: 0 | I549: C | J549: 2 | K549: 0 | L549: 0 | M549: 0 | N549: 0
A550: RJ | B550: Lagos | C550: FERRAMENTARIA | D550: 1000319 | E550: LANTERNA | F550: UND | G550: 3 | H550: 3 | I550: B | J550: 0 | K550: 1 | L550: 17 | M550: 51 | N550: 51
A551: RJ | B551: Lagos | C551: FERRAMENTARIA | D551: 1000182 | E551: CHAVE DE FENDA GIGANTE | F551: PÇ | G551: 2 | H551: 2 | I551: A | J551: 0 | K551: 1 | L551: 10 | M551: 20 | N551: 20
A552: RJ | B552: Lagos | C552: FERRAMENTARIA | D552: 1000171 | E552: CHAVE CANHÃO 8 MM | F552: PÇ | G552: 2 | H552: 2 | I552: B | J552: 0 | K552: 1 | L552: 15.9 | M552: 31.8 | N552: 31.8
A553: MG | B553: Juiz de Fora | C553: FERRAMENTARIA | D553: 1006827 | E553: CHAVE CANHAO 1/2 | F553: PÇ | G553: 2 | H553: 0 | I553: A | J553: 2 | K553: 0 | L553: 0 | M553: 0 | N553: 0
... A578: MG | B578: Varginha | C578: FERRAMENTARIA | D578: 1001677 | E578: CHAVE CANHAO 5/16 | F578: UN | G578: 2 | H578: 0 | I578: A | J578: 2 | K578: 0 | L578: 0 | M578: 0 | N578: 0
A579: RJ | B579: Lagos | C579: FERRAMENTARIA | D579: 1000814 | E579: BROCA 10MM WIDEA (CONCRETO) | G579: 1 | H579: 1 | I579: C | J579: 0 | K579: 1 | L579: 11 | M579: 11 | N579: 11
A580: MG | B580: Belo Horizonte | C580: FERRAMENTARIA | D580: 1001762 | E580: PERNEIRA PVC | F580: PAR | G580: 0 | H580: 2 | I580: C | J580: -2 | K580: 0 | L580: 26.1 | M580: 0 | N580: 52.2
A581: MG | B581: Belo Horizonte | C581: FERRAMENTARIA | D581: 1001293 | E581: CHAVE CANHAO 6 | F581: UN | G581: 1 | H581: 0 | I581: C | J581: 1 | K581: 0 | L581: 0 | M581: 0 | N581: 0
A582: MG | B582: Belo Horizonte | C582: FERRAMENTARIA | D582: 1006831 | E582: CHAVE CANHAO 7/16 | F582: PÇ | G582: 4 | H582: 0 | I582: B | J582: 4 | K582: 0 | L582: 0 | M582: 0 | N582: 0
A583: RJ | B583: Lagos | C583: FERRAMENTARIA | D583: 1008891 | E583: BROCA 3 PONTAS P/ MADEIRA 10MM | F583: PÇ | G583: 1 | H583: 1 | I583: B | J583: 0 | K583: 1 | L583: 12 | M583: 12 | N583: 12
A584: MG | B584: Varginha | C584: FERRAMENTARIA | D584: 1006831 | E584: CHAVE CANHAO 7/16 | F584: PÇ | G584: 4 | H584: 0 | I584: C | J584: 4 | K584: 0 | L584: 0 | M584: 0 | N584: 0
A585: MG | B585: Belo Horizonte | C585: FERRAMENTARIA | D585: 1001676 | E585: CHAVE CANHAO 7/16 | F585: UN | G585: 4 | H585: 0 | I585: C | J585: 4 | K585: 0 | L585: 0 | M585: 0 | N585: 0
A586: MG | B586: Governador Valadares | C586: FERRAMENTARIA | D586: 1001676 | E586: CHAVE CANHAO 7/16 | F586: UN | G586: 6 | H586: 0 | I586: A | J586: 6 | K586: 0 | L586: 0 | M586: 0 | N586: 0
A587: RJ | B587: Lagos | C587: FERRAMENTARIA | D587: 1001986 | E587: BROCA 3 PONTAS P/ MADEIRA 8MM | F587: UN | G587: 1 | H587: 1 | I587: A | J587: 0 | K587: 1 | L587: 17.3333 | M587: 17.3333 | N587: 17.3333
A588: MG | B588: Belo Horizonte | C588: FERRAMENTARIA | D588: 1006832 | E588: CHAVE CANHAO 7/32 | F588: PÇ | G588: 11 | H588: 0 | I588: A | J588: 11 | K588: 0 | L588: 0 | M588: 0 | N588: 0
A589: RJ | B589: Lagos | C589: FERRAMENTARIA | D589: 1006916 | E589: BROCA DE WIDEA PARA CONCRETO 6MM | F589: UN | G589: 7 | H589: 7 | I589: B | J589: 0 | K589: 1 | L589: 2.69 | M589: 18.83 | N589: 18.83
...

Sheet LAGOS
A1: CONSOLIDADO DE ESTOQUE — LAGOS
A2: Itens da unidade Região dos Lagos (RJ).
A4: Categoria | B4: Código | C4: Descrição | D4: Unidade | E4: Classe (A/B/C) | F4: Quantidade
A5: Ferramentaria | B5: 1000032 | C5: ALICATE DE BICO 6 | D5: PÇ | E5: A | F5: 4
A6: Ferramentaria | B6: 1000033 | C6: ALICATE DE CORTE 6 | D6: PÇ | E6: A | F6: 5
A7: Ferramentaria | B7: 1001306 | C7: ALICATE DE GRIMPAR RJ11 / RJ45 | D7: UND | E7: A | F7: 3
A8: Ferramentaria | B8: 1000037 | C8: ALICATE DECAPADOR DE FIBRA OPTICA | D8: PÇ | E8: A | F8: 9
A9: Ferramentaria | B9: 1000039 | C9: ALICATE UNIVERSAL 8 | D9: PÇ | E9: A | F9: 5
A10: Ferramentaria | B10: 1001455 | C10: APLICADOR DE COLA QUENTE | D10: UN | E10: B | F10: 1
A11: FERRAMENTARIA | B11: 1001029 | C11: ARCO DE SERRA | D11: UND | E11: B | F11: 1
A12: Ferramentaria | B12: 1000048 | C12: BADISCO DIGITAL GANDOLA | D12: PÇ | E12: A | F12: 7
A13: Ferramentaria | B13: 1000049 | C13: BALDE DE LONA | D13: PÇ | E13: A | F13: 6
A14: SSO | B14: 1000071 | C14: BOTA DE COURO SEM CADARÇO TAM. 41 | D14: PAR | E14: A | F14: 4
A15: SSO | B15: 1000072 | C15: BOTA DE COURO SEM CADARÇO TAM. 42 | D15: PAR | E15: A | F15: 3
A16: SSO | B16: 1000074 | C16: BOTA DE COURO SEM CADARÇO TAM. 44 | D16: PAR | E16: B | F16: 0
A17: FERRAMENTARIA | B17: 1000814 | C17: BROCA 10MM WIDEA (CONCRETO) | E17: C | F17: 1
A18: FERRAMENTARIA | B18: 1008891 | C18: BROCA 3 PONTAS P/ MADEIRA 10MM | D18: PÇ | E18: B | F18: 1
A19: FERRAMENTARIA | B19: 1001986 | C19: BROCA 3 PONTAS P/ MADEIRA 8MM | D19: UN | E19: A | F19: 1
A20: FERRAMENTARIA | B20: 1001936 | C20: BROCA AÇO RAPIDO 3/16 | E20: C | F20: 5
A21: Ferramentaria | B21: 1001702 | C21: BROCA CHATA MADEIRA 10 MM X 150 MM | D21: UN | E21: A | F21: 2
A22: Ferramentaria | B22: 1001701 | C22: BROCA CHATA MADEIRA 8 MM X 150 MM | D22: UN | E22: B | F22: 2
A23: Ferramentaria | B23: 1001680 | C23: BROCA DE WIDEA 10MM X 400MM (LONGA) | D23: PÇ | E23: A | F23: 2
A24: FERRAMENTARIA | B24: 1006916 | C24: BROCA DE WIDEA PARA CONCRETO 6MM | D24: UN | E24: B | F24: 7
A25: Ferramentaria | B25: 1000089 | C25: BROCA WIDEA 6MM | D25: PÇ | E25: B | F25: 2
A26: FERRAMENTARIA | B26: 1001457 | C26: BROCA WIDIA 06X100MM 1/4 | E26: C | F26: 1
A27: SSO | B27: 1001697 | C27: CALÇA CLARO FFA CINZA - G | D27: UND | E27: B | F27: 1
A28: SSO | B28: 1001698 | C28: CALÇA CLARO FFA CINZA - GG | D28: UND | E28: A | F28: 1
A29: SSO | B29: 1001699 | C29: CALÇA CLARO FFA CINZA - XG | D29: UND | E29: A | F29: 0
A30: SSO | B30: 1006911 | C30: CALÇA DE BRIM AZUL MARINHO GIGA + T... | D30: UN | E30: C | F30: 3
A31: SSO | B31: 1006912 | C31: CALÇA DE BRIM AZUL MARINHO GIGA + T... | D31: UN | E31: C | F31: 9
A32: Ferramentaria | B32: 1008890 | C32: CAMERA SONDA ENDOSCOPICA- 5 M | D32: UN | E32: C | F32: 3
A33: SSO | B33: 1006909 | C33: CAMISA AZUL MARINHO GIGA + TAM EXG | D33: UN | E33: C | F33: 1
A34: SSO | B34: 1006906 | C34: CAMISA AZUL MARINHO GIGA + TAM G | D34: UN | E34: C | F34: 1
A35: SSO | B35: 1006907 | C35: CAMISA AZUL MARINHO GIGA + TAM GG | D35: UN | E35: C | F35: 7
A36: SSO | B36: 1001696 | C36: CAMISA POLO CINZA - CLARO FFA - EXG | D36: UND | E36: A | F36: 0
A37: SSO | B37: 1001693 | C37: CAMISA POLO CINZA - CLARO FFA - G | D37: UND | E37: A | F37: 2
A38: SSO | B38: 1001694 | C38: CAMISA POLO CINZA - CLARO FFA - GG | D38: UND | E38: A | F38: 0
... A40: Ferramentaria | B40: 1001289 | C40: CANETA DETECTORA DE TENSÃO 90 - 100 | D40: UND | E40: A | F40: 15
A41: FERRAMENTARIA | B41: 1001599 | C41: CANETA MARCADORA PERMANENTE | E41: C | F41: 1
A42: Ferramentaria | B42: 1001122 | C42: CANETA OPTICA - VISUAL FAULT RY V31 | D42: PÇ | E42: A | F42: 0
A43: FERRAMENTARIA | B43: 1000137 | C43: CANIVETE | D43: UND | E43: C | F43: 3
A44: SSO | B44: 1001302 | C44: CAPA P/ CHUVA FORRADA AMARELA | D44: PÇ | E44: A | F44: 13
A45: SSO | B45: 1001190 | C45: CAPACETE ABA TOTAL AZESC | D45: PÇ | E45: A | F45: 13
A46: SSO | B46: 1000146 | C46: CARNEIRA P/CAPACETE | D46: PÇ | E46: A | F46: 1
A47: Ferramentaria | B47: 1001939 | C47: CAVALETE SUPORTE PARA BOBINA | D47: UN | E47: C | F47: 2
A48: FERRAMENTARIA | B48: 1002012 | C48: CHAVE BAP 15 ISOLADA | D48: UND | E48: C | F48: 2
A49: FERRAMENTARIA | B49: 1000163 | C49: CHAVE BOCA /ESTRIA 15MM | D49: PÇ | E49: B | F49: 2
A50: FERRAMENTARIA | B50: 1000167 | C50: CHAVE CANHÃO 10 MM | D50: PÇ | E50: A | F50: 1
A51: Ferramentaria | B51: 1000170 | C51: CHAVE CANHÃO 7 MM | D51: PÇ | E51: C | F51: 2
A52: Ferramentaria | B52: 1000171 | C52: CHAVE CANHÃO 8 MM | D52: PÇ | E52: B | F52: 2
A53: Ferramentaria | B53: 1001146 | C53: CHAVE DE ARMÁRIO TRIANGULAR | D53: PÇ | E53: A | F53: 3
... A85: Ferramentaria | B85: 1002153 | C85: LEITOR DE CODIGO DE BARRAS | D85: UN | E85: C | F85: 1
A86: FERRAMENTARIA | B86: 1000322 | C86: LEITOR DE CÓDIGO DE BARRAS CONEXÃO USB ELGIN | F86: 0
A87: SSO | B87: 1000665 | C87: LUVA DE MALHA PIGMENTADA | D87: PAR | E87: A | F87: 5
A88: SSO | B88: 1000327 | C88: LUVA DE VAQUETA MISTA CANO CURTO | D88: PAR | E88: A | F88: 8
A89: SSO | B89: 1006150 | C89: LUVA MULTITATO PU | D89: PAR | E89: A | F89: 1
A90: SSO | B90: 1000332 | C90: LUVA VAQUETA MISTA CANO CURTO | D90: PAR | E90: A | F90: 7
A91: Ferramentaria | B91: 1000348 | C91: MARTELO UNHA | D91: PÇ | E91: B | F91: 1
A92: SSO | B92: 1001852 | C92: MOSQUETÃO CARABINEIRO ROSCA | D92: PÇ | E92: A | F92: 34
A93: Ferramentaria | B93: 1001562 | C93: NIVELADOR ESCADA DE MADEIRA | D93: UN | E93: B | F93: 11
A94: SSO | B94: 1000366 | C94: OCULOS DE PROTEÇÃO - PRETO | D94: UND | E94: A | F94: 5
A95: SSO | B95: 1000367 | C95: ÓCULOS DE PROTEÇÃO INCOLOR | D95: UND | E95: A | F95: 4
A96: SSO | B96: 1000368 | C96: OCULOS SEGURANÇA CINZA | D96: PAR | E96: A | F96: 0
A97: SSO | B97: 1001674 | C97: PROTETOR SOLAR ( P FRASCO ML) | D97: L | E97: A | F97: 0
A98: SSO | B98: 1000648 | C98: TALABARTE (APA SEG)TIPO Y DE FITA | D98: UND | E98: A | F98: 14
... A101: Ferramentaria | B101: 1001476 | C101: TESTADOR DE CABO DE REDE LAN (ETHER) | D101: UN | E101: A | F101: 8
A102: FERRAMENTARIA | B102: 1001041 | C102: TRENA DE AÇO 5MTS | E102: C | F102: 3
A103: FERRAMENTARIA | B103: 1000754 | C103: TRENA DE BOLSO 5 MTS | D103: PÇ | E103: C | F103: 1

Sheet TERESOPOLIS
A1: CONSOLIDADO DE ESTOQUE — TERESÓPOLIS
A2: Itens da unidade Teresópolis (RJ).
A4: Categoria | B4: Código | C4: Descrição | D4: Unidade | E4: Classe (A/B/C) | F4: Quantidade
A5: SSO | B5: 1001850 | C5: ANEL DE ANCORAGEM 1,50M | D5: PÇ | E5: A | F5: 1
A6: SSO | B6: 1000052 | C6: BANDEROLA DE SINALIZAÇÃO | D6: UND | E6: B | F6: 5
A7: SSO | B7: 1001864 | C7: BOLSA DE LONA PARA KIT LINHA DE VIDA | D7: UND | E7: A | F7: 2
A8: Ferramentaria | B8: 1001289 | C8: CANETA DETECTORA DE TENSÃO 90 - 100 | D8: UND | E8: A | F8: 0
A9: SSO | B9: 1001302 | C9: CAPA P/ CHUVA FORRADA AMARELA | D9: PÇ | E9: A | F9: 0
A10: SSO | B10: 1001190 | C10: CAPACETE ABA TOTAL AZESC | D10: PÇ | E10: A | F10: 0
A11: SSO | B11: 1000204 | C11: CINTO SEG. PQD C/3 PONTAS E PROT. LOMBAR-APASEG | D11: PÇ | E11: A | F11: 0
A12: SSO | B12: 1002341 | C12: CINTO SEG. PQD C/3 PONTAS E PROT. L... | D12: UN | E12: C | F12: 20
A13: SSO | B13: 1000208 | C13: CONE SINALIZAÇÃO GRANDE | D13: UND | E13: A | F13: 0
A14: SSO | B14: 1001854 | C14: CORDA TRANC 12 MM LVM 20M | D14: PÇ | E14: A | F14: 0
A15: SSO | B15: 1002148 | C15: CALÇA CLARO FFA CINZA - P | D15: PÇ | E15: A | F15: 2
A16: SSO | B16: 1001697 | C16: CALÇA CLARO FFA CINZA - G | D16: UND | E16: B | F16: 4
... A40: FERRAMENTARIA | B40: 1001703 | C40: BROCA WIDEA 8 MM X 110 MM | D40: UN | E40: C | F40: 0
A41: FERRAMENTARIA | B41: 1001457 | C41: BROCA WIDIA 06X100MM 1/4 | E41: C | F41: 0
A42: FERRAMENTARIA | B42: 1000107 | C42: CADEADO 25MM | D42: PÇ | E42: B | F42: 1
A43: Ferramentaria | B43: 1000162 | C43: CHAVE BOCA / ESTRIA 11MM | D43: PÇ | E43: C | F43: 2
A44: Ferramentaria | B44: 1000838 | C44: CHAVE CANHÃO 10 | D44: UN | E44: B | F44: 50
A45: Ferramentaria | B45: 1001146 | C45: CHAVE DE ARMÁRIO TRIANGULAR | D45: PÇ | E45: A | F45: 0
A46: Ferramentaria | B46: 1000183 | C46: CHAVE DE FENDA GRANDE | D46: UND | E46: C | F46: 0
A47: Ferramentaria | B47: 1000184 | C47: CHAVE DE FENDA MEDIA | D47: UND | E47: C | F47: 0
A48: Ferramentaria | B48: 1000185 | C48: CHAVE DE FENDA PEQUENA | D48: UND | E48: A | F48: 0
A49: Ferramentaria | B49: 1006116 | C49: CHAVE GTP TRAVA E DESTRAVA CURTA | D49: PÇ | E49: A | F49: 0
A50: Ferramentaria | B50: 1001707 | C50: CHAVE MINI TRAP ST1 P/ CONECTOR RG | D50: UN | E50: A | F50: 26
A51: Ferramentaria | B51: 1000195 | C51: CHAVE P/ CAIXA SUBTERRANEA | D51: PÇ | E51: C | F51: 101
A52: Ferramentaria | B52: 1000196 | C52: CHAVE PHILIPS GRANDE | D52: UND | E52: C | F52: 0
A53: Ferramentaria | B53: 1000197 | C53: CHAVE PHILIPS MEDIA | D53: UND | E53: C | F53: 0
... A58: FERRAMENTARIA | B58: 1000481 | C58: DECAPADOR DE CABOS | D58: UND | E58: B | F58: 6
A59: FERRAMENTARIA | B59: 1006821 | C59: DESUMIDIFICADOR DE PAPEL 600 FOLHAS A4 BIVOLT | F59: 1
A60: Ferramentaria | B60: 1001488 | C60: ESCADA 5 DEGRAUS DOMESTICA | D60: UN | E60: A | F60: 0
A61: FERRAMENTARIA | B61: 1000254 | C61: ESTILETE | D61: PÇ | E61: A | F61: 2
A62: Ferramentaria | B62: 1000258 | C62: EXTENSAO ELET. 10MTS | D62: PÇ | E62: B | F62: 0
A63: Ferramentaria | B63: 1001264 | C63: FERRO DE ABRIR CAIXA TIPO T | D63: UND | E63: A | F63: 0
A64: Ferramentaria | B64: 1000262 | C64: FERRO DE CAIXA | D64: UND | E64: C | F64: 0
A65: Ferramentaria | B65: 1000284 | C65: FURADEIRA - IMPACTO | D65: UND | E65: A | F65: 23
A66: Ferramentaria | B66: 1001940 | C66: FURADEIRA SKIL MODELO 6662 550W 127V | D66: UND | E66: C | F66: 0
A67: Ferramentaria | B67: 1001705 | C67: JOGO CHAVE ALLEN C/ 25 PÇS | D67: UN | E67: A | F67: 3
A68: Ferramentaria | B68: 1001552 | C68: KIT DE CHAVE RELOJOEIRO C/ 6 PÇS | D68: CJ | E68: C | F68: 6
A69: Ferramentaria | B69: 1000319 | C69: LANTERNA | D69: UND | E69: A | F69: 56
A70: Ferramentaria | B70: 1000348 | C70: MARTELO UNHA | D70: PÇ | E70: B | F70: 0
A71: FERRAMENTARIA | B71: 1000363 | C71: MULTIMETRO DIGITAL | D71: PÇ | E71: A | F71: 1
... A79: SSO | B79: 1000305 | C79: JUGULAR P/CAPACETE | D79: PÇ | E79: A | F79: 0

Sheet PETROPOLIS
A1: CONSOLIDADO DE ESTOQUE — PETRÓPOLIS
A2: Itens da unidade Petrópolis (RJ).
A4: Categoria | B4: Código | C4: Descrição | D4: Unidade | E4: Classe (A/B/C) | F4: Quantidade
A5: FERRAMENTARIA | B5: 1001663 | C5: ADAPTADOR P/ CONECTOR SC-APC (POWER METER) | D5: UN | E5: B | F5: 1
A6: FERRAMENTARIA | B6: 1000031 | C6: ALCOOL ISOPROPILICO 1000ML | D6: LT | E6: A | F6: 0
A7: Ferramentaria | B7: 1001719 | C7: ALICATE COMPRESSÃO P/ CABO COAXIAL | D7: PÇ | E7: A | F7: 3
A8: Ferramentaria | B8: 1000032 | C8: ALICATE DE BICO 6 | D8: PÇ | E8: A | F8: 0
A9: Ferramentaria | B9: 1000033 | C9: ALICATE DE CORTE 6 | D9: PÇ | E9: A | F9: 11
A10: Ferramentaria | B10: 1001306 | C10: ALICATE DE GRIMPAR RJ11 / RJ45 | D10: UND | E10: A | F10: 0
A11: Ferramentaria | B11: 1000036 | C11: ALICATE DE PRESSÃO RG6 | D11: PÇ | E11: B | F11: 50
A12: Ferramentaria | B12: 1000037 | C12: ALICATE DECAPADOR DE FIBRA OPTICA | D12: PÇ | E12: A | F12: 0
A13: Ferramentaria | B13: 1000039 | C13: ALICATE UNIVERSAL 8 | D13: PÇ | E13: A | F13: 0
A14: Ferramentaria | B14: 1001455 | C14: APLICADOR DE COLA QUENTE | D14: UN | E14: B | F14: 103
A15: Ferramentaria | B15: 1000048 | C15: BADISCO DIGITAL GANDOLA | D15: PÇ | E15: A | F15: 198
A16: Ferramentaria | B16: 1000049 | C16: BALDE DE LONA | D16: PÇ | E16: A | F16: 0
... A27: FERRAMENTARIA | B27: 1001703 | C27: BROCA WIDEA 8 MM X 110 MM | D27: UN | E27: C | F27: 0
A28: FERRAMENTARIA | B28: 1001457 | C28: BROCA WIDIA 06X100MM 1/4 | E28: C | F28: 0
A29: Ferramentaria | B29: 1006819 | C29: CAIXA VAZADA 50L PRETA | D29: UN | E29: B | F29: 1
A30: Ferramentaria | B30: 1008890 | C30: CAMERA SONDA ENDOSCOPICA- 5 M | D30: UN | E30: C | F30: 0
A31: Ferramentaria | B31: 1001667 | C31: CANETA P/ LIMPEZA DE CONECTOR 2.5mm | D31: UN | E31: B | F31: 116
A32: Ferramentaria | B32: 1001122 | C32: CANETA OPTICA - VISUAL FAULT RY V31 | D32: PÇ | E32: A | F32: 9
A33: Ferramentaria | B33: 1000162 | C33: CHAVE BOCA / ESTRIA 11MM | D33: PÇ | E33: C | F33: 0
A34: Ferramentaria | B34: 1001146 | C34: CHAVE DE ARMÁRIO TRIANGULAR | D34: PÇ | E34: A | F34: 59
A35: Ferramentaria | B35: 1000183 | C35: CHAVE DE FENDA GRANDE | D35: UND | E35: C | F35: 64
A36: Ferramentaria | B36: 1000184 | C36: CHAVE DE FENDA MEDIA | D36: UND | E36: C | F36: 0
A37: Ferramentaria | B37: 1000185 | C37: CHAVE DE FENDA PEQUENA | D37: UND | E37: A | F37: 0
A38: Ferramentaria | B38: 1006116 | C38: CHAVE GTP TRAVA E DESTRAVA CURTA | D38: PÇ | E38: A | F38: 0
A39: Ferramentaria | B39: 1001707 | C39: CHAVE MINI TRAP ST1 P/ CONECTOR RG | D39: UN | E39: A | F39: 0
A40: Ferramentaria | B40: 1000195 | C40: CHAVE P/ CAIXA SUBTERRANEA | D40: PÇ | E40: C | F40: 0
... A74: FERRAMENTARIA | B74: 1001461 | C74: TUBO DE COLA QUENTE | D74: UN | E74: B | F74: 0

Sheet CAMPOS DOS GOYTACAZES
A1: CONSOLIDADO DE ESTOQUE — CAMPOS DOS GOYTACAZES
A2: Itens da unidade Campos dos Goytacazes. Código e classe (A/B/C) buscados na aba 'de para abc' pelo nome do item.
A4: Categoria | B4: Código | C4: Descrição | D4: Unidade | E4: Classe (A/B/C) | F4: Quantidade
A5: =IFERROR(INDEX('de para abc'!$D:$D,MATCH($C5,'de para abc'!$B:$B,0)),"N/D") -> SSO | B5: 1000052 | C5: BANDEROLA DE SINALIZAÇÃO | D5: UND | E5: C | F5: 3
A6: =IFERROR(INDEX('de para abc'!$D:$D,MATCH($C6,'de para abc'!$B:$B,0)),"N/D") -> FERRAMENTARIA | B6: 1002052 | C6: BOBINA PICOTADA 50X70 | E6: =IFERROR(T(INDEX('de para abc'!$C:$C,MATCH($C6,'de para abc'!$B:$B,0))),"N/D") | F6: 7
A7: =IFERROR(INDEX('de para abc'!$D:$D,MATCH($C7,'de para abc'!$B:$B,0)),"N/D") -> FERRAMENTARIA | B7: 1000065 | C7: BOLSA DE LONA | D7: PÇ | E7: A | F7: 5
A8: =IFERROR(INDEX('de para abc'!$D:$D,MATCH($C8,'de para abc'!$B:$B,0)),"N/D") -> FERRAMENTARIA | B8: 1000814 | C8: BROCA 10MM WIDEA (CONCRETO) | E8: C | F8: 3
A9: =IFERROR(INDEX('de para abc'!$D:$D,MATCH($C9,'de para abc'!$B:$B,0)),"N/D") -> FERRAMENTARIA | B9: 1008891 | C9: BROCA 3 PONTAS P/ MADEIRA 10MM | D9: PÇ | E9: B | F9: 6
A10: Ferramentaria | B10: 1001712 | C10: BROCA CHATA MADEIRA 6MM X 150MM | D10: UN | E10: B | F10: 7
A11: Ferramentaria | B11: 1001702 | C11: BROCA CHATA MADEIRA 10 MM X 150 MM | D11: UN | E11: A | F11: 21
A12: Ferramentaria | B12: 1001701 | C12: BROCA CHATA MADEIRA 8 MM X 150 MM | D12: UN | E12: A | F12: 15
A13: Ferramentaria | B13: 1001680 | C13: BROCA DE WIDEA 10MM X 400MM (LONGA) | D13: PÇ | E13: A | F13: 15
A14: =IFERROR(INDEX('de para abc'!$D:$D,MATCH($C14,'de para abc'!$B:$B,0)),"N/D") -> FERRAMENTARIA | B14: 1001941 | C14: BROCA DE WIDEA 8MM X 400MM (LONGA) | D14: UNID | E14: C | F14: 5
A15: FERRAMENTARIA | B15: 1001719 | C15: ALICATE COMPRESSÃO P/ CABO COAXIAL | D15: PÇ | E15: C | F15: 6
A16: =IFERROR(INDEX('de para abc'!$D:$D,MATCH($C16,'de para abc'!$B:$B,0)),"N/D") -> FERRAMENTARIA | B16: 1000049 | C16: BALDE DE LONA | D16: PÇ | E16: B | F16: 11
A17: =IFERROR(INDEX('de para abc'!$D:$D,MATCH($C17,'de para abc'!$B:$B,0)),"N/D") -> FERRAMENTARIA | B17: 1000048 | C17: BADISCO DIGITAL GANDOLA | D17: PÇ | E17: A | F17: 14
A18: =IFERROR(INDEX('de para abc'!$D:$D,MATCH($C18,'de para abc'!$B:$B,0)),"N/D") -> FERRAMENTARIA | B18: 1001455 | C18: APLICADOR DE COLA QUENTE | D18: UN | E18: A | F18: 8
A19: =IFERROR(INDEX('de para abc'!$D:$D,MATCH($C19,'de para abc'!$B:$B,0)),"N/D") -> FERRAMENTARIA | B19: 1000039 | C19: ALICATE UNIVERSAL 8 | D19: PÇ | E19: A | F19: 10
A20: Ferramentaria | B20: 1000037 | C20: ALICATE DECAPADOR DE FIBRA OPTICA | D20: PÇ | E20: B | F20: 13
A21: =IFERROR(INDEX('de para abc'!$D:$D,MATCH($C21,'de para abc'!$B:$B,0)),"N/D") -> FERRAMENTARIA | B21: 1000036 | C21: ALICATE DE PRESSÃO RG6 | D21: PÇ | E21: A | F21: 5
A22: Ferramentaria | B22: 1001306 | C22: ALICATE DE GRIMPAR RJ11 / RJ45 | D22: UND | E22: A | F22: 12
A23: =IFERROR(INDEX('de para abc'!$D:$D,MATCH($C23,'de para abc'!$B:$B,0)),"N/D") -> FERRAMENTARIA | B23: 1000033 | C23: ALICATE DE CORTE 6 | D23: PÇ | E23: A | F23: 10
A24: =IFERROR(INDEX('de para abc'!$D:$D,MATCH($C24,'de para abc'!$B:$B,0)),"N/D") -> FERRAMENTARIA | B24: 1000032 | C24: ALICATE DE BICO 6 | D24: PÇ | E24: A | F24: 9
A25: =IFERROR(INDEX('de para abc'!$D:$D,MATCH($C25,'de para abc'!$B:$B,0)),"N/D") -> FERRAMENTARIA | B25: 1001663 | C25: ADAPTADOR P/ CONECTOR SC-APC (POWER METER) | D25: UN | E25: B | F25: 1
A26: =IFERROR(INDEX('de para abc'!$D:$D,MATCH($C26,'de para abc'!$B:$B,0)),"N/D") -> FERRAMENTARIA | B26: 1000183 | C26: CHAVE DE FENDA GRANDE | D26: UND | E26: B | F26: 24
A27: Ferramentaria | B27: 1000184 | C27: CHAVE DE FENDA MEDIA | D27: UND | E27: A | F27: 9
A28: =IFERROR(INDEX('de para abc'!$D:$D,MATCH($C28,'de para abc'!$B:$B,0)),"N/D") -> FERRAMENTARIA | B28: 1000185 | C28: CHAVE DE FENDA PEQUENA | D28: UND | E28: B | F28: 16
A29: =IFERROR(INDEX('de para abc'!$D:$D,MATCH($C29,'de para abc'!$B:$B,0)),"N/D") -> FERRAMENTARIA | B29: 1001263 | C29: CHAVE DE TESTE DIGITAL COM DISPLAY | D29: UND | E29: B | F29: 1
A30: =IFERROR(INDEX('de para abc'!$D:$D,MATCH($C30,'de para abc'!$B:$B,0)),"N/D") -> FERRAMENTARIA | B30: 1006116 | C30: CHAVE GTP TRAVA E DESTRAVA CURTA | D30: PÇ | E30: A | F30: 13
A31: FERRAMENTARIA | B31: 1001707 | C31: CHAVE MINI TRAP ST1 P/ CONECTOR RG | D31: UN | E31: A | F31: 12
A32: Ferramentaria | B32: 1000195 | C32: CHAVE P/ CAIXA SUBTERRANEA | D32: PÇ | E32: A | F32: 12
A33: =IFERROR(INDEX('de para abc'!$D:$D,MATCH($C33,'de para abc'!$B:$B,0)),"N/D") -> FERRAMENTARIA | B33: 1000196 | C33: CHAVE PHILIPS GRANDE | D33: UND | E33: C | F33: 26
A34: Ferramentaria | B34: 1000197 | C34: CHAVE PHILIPS MEDIA | D34: UND | E34: B | F34: 21
A35: =IFERROR(INDEX('de para abc'!$D:$D,MATCH($C35,'de para abc'!$B:$B,0)),"N/D") -> FERRAMENTARIA | B35: 1000198 | C35: CHAVE PHILIPS PEQUENA | D35: UND | E35: C | F35: 13
A36: FERRAMENTARIA | B36: 1001704 | C36: BROCA WIDEA 10 MM X 150 MM | D36: UN | E36: A | F36: 2
A37: =IFERROR(INDEX('de para abc'!$D:$D,MATCH($C37,'de para abc'!$B:$B,0)),"N/D") -> FERRAMENTARIA | B37: 1000089 | C37: BROCA WIDEA 6MM | D37: PÇ | E37: C | F37: 7
A38: FERRAMENTARIA | B38: 1001703 | C38: BROCA WIDEA 8 MM X 110 MM | D38: UN | E38: C | F38: 2
A39: =IFERROR(INDEX('de para abc'!$D:$D,MATCH($C39,'de para abc'!$B:$B,0)),"N/D") -> FERRAMENTARIA | B39: 1006819 | C39: CAIXA VAZADA 50L PRETA | D39: UN | E39: C | F39: 24
A40: Ferramentaria | B40: 1008890 | C40: CAMERA SONDA ENDOSCOPICA- 5 M | D40: UN | E40: A | F40: 2
A41: Ferramentaria | B41: 1001667 | C41: CANETA P/ LIMPEZA DE CONECTOR 2.5mm | D41: UN | E41: A | F41: 0
A42: =IFERROR(INDEX('de para abc'!$D:$D,MATCH($C42,'de para abc'!$B:$B,0)),"N/D") -> N/D | B42: 1001122 | C42: CANETA OPTICA - VISUAL FAULT RY V31 | D42: PÇ | E42: A | F42: 1
A43: =IFERROR(INDEX('de para abc'!$D:$D,MATCH($C43,'de para abc'!$B:$B,0)),"N/D") -> FERRAMENTARIA | B43: 1000149 | C43: CATRACA DE CORDOALHA 750Kg | D43: UND | E43: C | F43: 0
A44: =IFERROR(INDEX('de para abc'!$D:$D,MATCH($C44,'de para abc'!$B:$B,0)),"N/D") -> FERRAMENTARIA | B44: 1001146 | C44: CHAVE DE ARMÁRIO TRIANGULAR | D44: PÇ | E44: A | F44: 14
A45: =IFERROR(INDEX('de para abc'!$D:$D,MATCH($C45,'de para abc'!$B:$B,0)),"N/D") -> FERRAMENTARIA | B45: =IFERROR(INDEX('de para abc'!$A:$A,MATCH($C45,'de para abc'!$B:$B,0)),"N/D") -> E1000284 | C45: DET-FURADEIRA - IMPACTO | E45: =IFERROR(T(INDEX('de para abc'!$C:$C,MATCH($C45,'de para abc'!$B:$B,0))),"N/D") | F45: 0
A46: =IFERROR(INDEX('de para abc'!$D:$D,MATCH($C46,'de para abc'!$B:$B,0)),"N/D") -> FERRAMENTARIA | B46: =IFERROR(INDEX('de para abc'!$A:$A,MATCH($C46,'de para abc'!$B:$B,0)),"N/D") -> E1002270 | C46: DET-FURADEIRA HAMMER 700W | E46: =IFERROR(T(INDEX('de para abc'!$C:$C,MATCH($C46,'de para abc'!$B:$B,0))),"N/D") | F46: 2
A47: =IFERROR(INDEX('de para abc'!$D:$D,MATCH($C47,'de para abc'!$B:$B,0)),"N/D") -> FERRAMENTARIA | B47: 1001741 | C47: CHAVE TORQUE PARA CONECTOR 20K | D47: UND | E47: A | F47: 9
A48: Ferramentaria | B48: 1000205 | C48: CLIVADOR DE PRECISÃO OPTICO | D48: PÇ | E48: C | F48: 0
A49: =IFERROR(INDEX('de para abc'!$D:$D,MATCH($C49,'de para abc'!$B:$B,0)),"N/D") -> FERRAMENTARIA | B49: 1001045 | C49: CLIVADOR FIBER CLEAVER | D49: PÇ | E49: A | F49: 1
A50: =IFERROR(INDEX('de para abc'!$D:$D,MATCH($C50,'de para abc'!$B:$B,0)),"N/D") -> FERRAMENTARIA | B50: 30001276 | C50: CLIVADOR FUJIKURA CT08 | E50: =IFERROR(T(INDEX('de para abc'!$C:$C,MATCH($C50,'de para abc'!$B:$B,0))),"N/D") | F50: 0
A51: =IFERROR(INDEX('de para abc'!$D:$D,MATCH($C51,'de para abc'!$B:$B,0)),"N/D") -> FERRAMENTARIA | B51: 1001001 | C51: CORDA DE SEDA | E51: C | F51: 57
A52: =IFERROR(INDEX('de para abc'!$D:$D,MATCH($C52,'de para abc'!$B:$B,0)),"N/D") -> FERRAMENTARIA | B52: 1000224 | C52: CORRENTE C/ CADEADO SEGURANÇA | D52: UND | E52: A | F52: 4
A53: =IFERROR(INDEX('de para abc'!$D:$D,MATCH($C53,'de para abc'!$B:$B,0)),"N/D") -> FERRAMENTARIA | B53: 1001718 | C53: DECAPADOR DE CABO COAXIAL CANETA AMARELA RG11 | D53: PÇ | E53: A | F53: 13
A54: =IFERROR(INDEX('de para abc'!$D:$D,MATCH($C54,'de para abc'!$B:$B,0)),"N/D") -> FERRAMENTARIA | B54: 1000481 | C54: DECAPADOR DE CABOS | D54: UND | E54: B | F54: 14
A55: =IFERROR(INDEX('de para abc'!$D:$D,MATCH($C55,'de para abc'!$B:$B,0)),"N/D") -> FERRAMENTARIA | B55: 1001299 | C55: DECAPADOR PARA CABO DROP | D55: UND | E55: A | F55: 5
A56: FERRAMENTARIA | B56: 1000243 | C56: ESCADA DE FIBRA EXTENSIVEL 3,60 X 6,00 | D56: UND | E56: A | F56: 0
A57: =IFERROR(INDEX('de para abc'!$D:$D,MATCH($C57,'de para abc'!$B:$B,0)),"N/D") -> FERRAMENTARIA | B57: =IFERROR(INDEX('de para abc'!$A:$A,MATCH($C57,'de para abc'!$B:$B,0)),"N/D") -> E1000337 | C57: DET-MAQUINA DE ESPINAR DUPLA | E57: =IFERROR(T(INDEX('de para abc'!$C:$C,MATCH($C57,'de para abc'!$B:$B,0))),"N/D") | F57: 0
A58: =IFERROR(INDEX('de para abc'!$D:$D,MATCH($C58,'de para abc'!$B:$B,0)),"N/D") -> FERRAMENTARIA | B58: =IFERROR(INDEX('de para abc'!$A:$A,MATCH($C58,'de para abc'!$B:$B,0)),"N/D") -> E1006120 | C58: DET-MEDIDOR TRILITHIC M3 PLUS | E58: =IFERROR(T(INDEX('de para abc'!$C:$C,MATCH($C58,'de para abc'!$B:$B,0))),"N/D") | F58: 0
A59: Ferramentaria | B59: 1001668 | C59: GABARITO AZUL (CLIVADOR) | D59: UN | E59: B | F59: 2
A60: FERRAMENTARIA | B60: 1000300 | C60: IDENTIFICADOR DE FIBRA ATIVA | D60: PÇ | E60: C | F60: 2
A61: =IFERROR(INDEX('de para abc'!$D:$D,MATCH($C61,'de para abc'!$B:$B,0)),"N/D") -> FERRAMENTARIA | B61: 1001241 | C61: INVERSOR DE ENERGIA 12V PARA 110V | D61: UND | E61: C | F61: 2
A62: =IFERROR(INDEX('de para abc'!$D:$D,MATCH($C62,'de para abc'!$B:$B,0)),"N/D") -> FERRAMENTARIA | B62: 1001705 | C62: JOGO CHAVE ALLEN C/ 25 PÇS | D62: UN | E62: A | F62: 5
A63: FERRAMENTARIA | B63: 1000821 | C63: JOGO CHAVE COMBINADA 6 A 22 (12 PÇ) | D63: UND | E63: B | F63: 1
A64: =IFERROR(INDEX('de para abc'!$D:$D,MATCH($C64,'de para abc'!$B:$B,0)),"N/D") -> FERRAMENTARIA | B64: 1001706 | C64: JOGO CHAVE TORX PQ 9 PÇS | E64: =IFERROR(T(INDEX('de para abc'!$C:$C,MATCH($C64,'de para abc'!$B:$B,0))),"N/D") | F64: 1
A65: =IFERROR(INDEX('de para abc'!$D:$D,MATCH($C65,'de para abc'!$B:$B,0)),"N/D") -> FERRAMENTARIA | B65: 1000636 | C65: JOGO DE CHAVE ALLEN LONGA 1,5 A 10 MM | D65: UND | E65: C | F65: 4
A66: =IFERROR(INDEX('de para abc'!$D:$D,MATCH($C66,'de para abc'!$B:$B,0)),"N/D") -> FERRAMENTARIA | B66: 1000536 | C66: JOGO DE CHAVES ALLEN | D66: UND | E66: C | F66: 4
A67: =IFERROR(INDEX('de para abc'!$D:$D,MATCH($C67,'de para abc'!$B:$B,0)),"N/D") -> FERRAMENTARIA | B67: 1000254 | C67: ESTILETE | D67: PÇ | E67: A | F67: 7
A68: =IFERROR(INDEX('de para abc'!$D:$D,MATCH($C68,'de para abc'!$B:$B,0)),"N/D") -> FERRAMENTARIA | B68: 1000256 | C68: EXTENSÃO 20 MTS | D68: UND | E68: A | F68: 5
A69: Ferramentaria | B69: 1000258 | C69: EXTENSAO ELET. 10MTS | D69: PÇ | E69: A | F69: 5
A70: =IFERROR(INDEX('de para abc'!$D:$D,MATCH($C70,'de para abc'!$B:$B,0)),"N/D") -> FERRAMENTARIA | B70: 1001264 | C70: FERRO DE ABRIR CAIXA TIPO T | D70: UND | E70: A | F70: 11
A71: =IFERROR(INDEX('de para abc'!$D:$D,MATCH($C71,'de para abc'!$B:$B,0)),"N/D") -> FERRAMENTARIA | B71: 1000284 | C71: FURADEIRA - IMPACTO | D71: UND | E71: A | F71: 0
A72: =IFERROR(INDEX('de para abc'!$D:$D,MATCH($C72,'de para abc'!$B:$B,0)),"N/D") -> FERRAMENTARIA | B72: 1002270 | C72: FURADEIRA HAMMER 700W | D72: UN | E72: A | F72: 2
A73: =IFERROR(INDEX('de para abc'!$D:$D,MATCH($C73,'de para abc'!$B:$B,0)),"N/D") -> FERRAMENTARIA | B73: 1001940 | C73: FURADEIRA SKIL MODELO 6662 550W 127V | D73: UND | E73: C | F73: 0
A74: =IFERROR(INDEX('de para abc'!$D:$D,MATCH($C74,'de para abc'!$B:$B,0)),"N/D") -> FERRAMENTARIA | B74: 1006121 | C74: MEDIDOR DSAM JDSU 6300 | E74: =IFERROR(T(INDEX('de para abc'!$C:$C,MATCH($C74,'de para abc'!$B:$B,0))),"N/D") | F74: 0
A75: =IFERROR(INDEX('de para abc'!$D:$D,MATCH($C75,'de para abc'!$B:$B,0)),"N/D") -> FERRAMENTARIA | B75: 1000503 | C75: MESA DE FERRO | D75: PÇ | E75: C | F75: 3
A76: =IFERROR(INDEX('de para abc'!$D:$D,MATCH($C76,'de para abc'!$B:$B,0)),"N/D") -> FERRAMENTARIA | B76: 1000363 | C76: MULTIMETRO DIGITAL | D76: PÇ | E76: A | F76: 8
A77: =IFERROR(INDEX('de para abc'!$D:$D,MATCH($C77,'de para abc'!$B:$B,0)),"N/D") -> FERRAMENTARIA | B77: 1001736 | C77: ORGANIZADOR GRANDE | D77: UN | E77: A | F77: 5
A78: =IFERROR(INDEX('de para abc'!$D:$D,MATCH($C78,'de para abc'!$B:$B,0)),"N/D") -> FERRAMENTARIA | B78: 1000388 | C78: PASSA FIO 20Mts ALMA DE AÇO | D78: UND | E78: A | F78: 1
A79: =IFERROR(INDEX('de para abc'!$D:$D,MATCH($C79,'de para abc'!$B:$B,0)),"N/D") -> FERRAMENTARIA | B79: 1000391 | C79: PASSA FIO C/ ALMA DE AÇO 20MTS | E79: A | F79: 0
A80: =IFERROR(INDEX('de para abc'!$D:$D,MATCH($C80,'de para abc'!$B:$B,0)),"N/D") -> FERRAMENTARIA | B80: 1000392 | C80: PASSA FIO NYLON (GUIA) 20MTS | E80: C | F80: 0
A81: =IFERROR(INDEX('de para abc'!$D:$D,MATCH($C81,'de para abc'!$B:$B,0)),"N/D") -> FERRAMENTARIA | B81: 1000545 | C81: PILHA AA | D81: UND | E81: A | F81: 50
A82: SSO | B82: 1002183 | C82: CAMISA POLO CINZA - CLARO FFA - XXG | D82: UN | E82: C | F82: 1
A83: SSO | B83: 1002158 | C83: CAMISA POLO CINZA - CLARO FFA - P | D83: UN | E83: A | F83: 16
A84: SSO | B84: 1001920 | C84: CAMISA POLO CINZA CLARO FFA - M | D84: UN | E84: C | F84: 8
A85: SSO | B85: 1001693 | C85: CAMISA POLO CINZA - CLARO FFA - G | D85: UND | E85: C | F85: 8
A86: SSO | B86: 1001696 | C86: CAMISA POLO CINZA - CLARO FFA - EXG | D86: UND | E86: A | F86: 7
A87: SSO | B87: 1001694 | C87: CAMISA POLO CINZA - CLARO FFA - GG | D87: UND | E87: C | F87: 6
A88: SSO | B88: 1002148 | C88: CALÇA CLARO FFA CINZA - P | D88: PÇ | E88: B | F88: 3
A89: SSO | B89: 1001916 | C89: CALÇA CLARO FFA CINZA – M | D89: UN | E89: C | F89: 1
A90: SSO | B90: 1002169 | C90: CALÇA CLARO FFA CINZA - EXGG | D90: PÇ | E90: A | F90: 1
A91: SSO | B91: 1001698 | C91: CALÇA CLARO FFA CINZA - GG | D91: UND | E91: C | F91: 1
A92: SSO | B92: 1001700 | C92: CALÇA CLARO FFA CINZA - EXG | D92: UND | E92: C | F92: 1
A93: SSO | B93: 1001521 | C93: BOTA BORRACHA PVC 38 | D93: UN | E93: C | F93: 2
... A111: SSO | B111: 1006180 | C111: ANEL DE ANCORAGEM 2,00 MT | D111: UN | E111: A | F111: 10
A112: SSO | B112: N/D | C112: ANEL DE ANCORAGEM - 1,5 M | D112: UN | E112: C | F112: 21
A113: SSO | B113: 1000206 | C113: COLETE REFLETIVO TP X NOTURNO | D113: PÇ | E113: A | F113: 26
A114: SSO | C114: FITA CATRACA | D114: UN | E114: C | F114: 23
A115: SSO | B115: 1006179 | C115: FREIO ABS PARA LINHA DE VIDA | D115: UN | E115: A | F115: 10
A116: SSO | B116: 1000277 | C116: FITA ZEBRADA 160M | D116: RL | E116: A | F116: 19
A117: SSO | B117: 1001855 | C117: FITA DE ANCORAGEM PARA ESCADA C/ ABS | D117: PÇ | E117: A | F117: 22
A118: =IFERROR(INDEX('de para abc'!$D:$D,MATCH($C118,'de para abc'!$B:$B,0)),"N/D") -> SSO | B118: 1000997 | C118: ÓCULOS INCOLOR | D118: UND | E118: C | F118: 13
...

Sheet SAO PAULO
A1: CONSOLIDADO DE ESTOQUE — SÃO PAULO
A2: Itens da unidade São Paulo (SP).
A4: Categoria | B4: Código | C4: Descrição | D4: Unidade | E4: Classe (A/B/C) | F4: Quantidade
A5: SSO | B5: 1000014 | C5: ABRAÇADEIRA NYLON (FITA HELLERMAN) - MÉDIA | D5: UND | E5: B | F5: 46
A6: SSO | B6: 1001850 | C6: ANEL DE ANCORAGEM 1,50M | D6: PÇ | E6: A | F6: 85
A7: SSO | B7: 1006180 | C7: ANEL DE ANCORAGEM 2,00 MT | D7: UN | E7: A | F7: 80
A8: SSO | B8: 1000052 | C8: BANDEROLA DE SINALIZAÇÃO | D8: UND | E8: C | F8: 52
A9: SSO | B9: 1001864 | C9: BOLSA DE LONA PARA KIT LINHA DE VIDA | D9: UND | E9: A | F9: 55
A10: SSO | B10: 1001522 | C10: BOTA BORRACHA PVC 39 | D10: un | E10: C | F10: 0
A11: SSO | B11: 1001524 | C11: BOTA BORRACHA PVC 41 | D11: un | E11: C | F11: 0
A12: SSO | B12: 1001525 | C12: BOTA BORRACHA PVC 42 | D12: un | E12: C | F12: 0
A13: SSO | B13: 1001526 | C13: BOTA BORRACHA PVC 43 | D13: un | E13: C | F13: 0
A14: SSO | B14: 1001527 | C14: BOTA BORRACHA PVC 44 | D14: un | E14: C | F14: 0
A15: SSO | B15: 1001249 | C15: BOTA DE COURO SEM CADARÇO TAM. 37 | D15: PAR | E15: C | F15: 19
A16: SSO | B16: 1000068 | C16: BOTA DE COURO SEM CADARÇO TAM. 38 | D16: PAR | E16: C | F16: 16
... A27: SSO | B27: 1002180 | C27: CABO USB UNIVERSAL | D27: PÇ | E27: C | F27: 1
A28: SSO | B28: 1002276 | C28: CALÇA CINZA VIVO C/ FAIXA REFLETIVA - P | E28: C | F28: 2
A29: SSO | B29: 1002273 | C29: CALÇA CINZA VIVO C/ FAIXA REFLETIVA - G | D29: UN | E29: B | F29: 34
A30: SSO | B30: 1002274 | C30: CALÇA CINZA VIVO C/ FAIXA REFLETIVA - GG | D30: UN | E30: C | F30: 58
A31: SSO | B31: 1002303 | C31: CALÇA CINZA VIVO C/ FAIXA REFLETIVA - XXG | E31: C | F31: 9
A32: SSO | B32: 1002352 | C32: CALÇA CINZA VIVO C/ FAIXA REFLETIVA - EXG | D32: UN | E32: C | F32: 25
A33: SSO | B33: 1002275 | C33: CALÇA CINZA VIVO C/ FAIXA REFLETIVA - M | D33: UN | E33: C | F33: 1
A34: SSO | B34: 1002302 | C34: CALÇA CINZA VIVO C/ FAIXA REFLETIVA - XG | D34: UN | E34: C | F34: 54
A35: SSO | B35: 1002140 | C35: CALÇA JEANS C/ FAIXA REFLETIVA - 48 | D35: UNID | E35: C | F35: 0
A36: SSO | B36: 1001992 | C36: CALÇA JEANS C/ FAIXA REFLETIVA IHS - 38 | D36: UN | E36: B | F36: 7
A37: SSO | B37: 1001993 | C37: CALÇA JEANS C/ FAIXA REFLETIVA IHS - 40 | D37: UN | E37: B | F37: 59
A38: SSO | B38: 1001994 | C38: CALÇA JEANS C/ FAIXA REFLETIVA IHS - 42 | D38: UN | E38: A | F38: 44
A39: SSO | B39: 1001995 | C39: CALÇA JEANS C/ FAIXA REFLETIVA IHS – 44 | D39: UN | E39: A | F39: 34
A40: SSO | B40: 1001996 | C40: CALÇA JEANS C/ FAIXA REFLETIVA IHS – 46 | D40: UN | E40: A | F40: 30
A41: SSO | B41: 1001997 | C41: CALÇA JEANS C/ FAIXA REFLETIVA IHS – 48 | D41: UN | E41: A | F41: 24
A42: SSO | B42: 1001998 | C42: CALÇA JEANS C/ FAIXA REFLETIVA IHS - 50 | D42: UN | E42: B | F42: 34
A43: SSO | B43: 1001999 | C43: CALÇA JEANS C/ FAIXA REFLETIVA IHS – 52 | D43: UN | E43: B | F43: 36
... A46: SSO | B46: 1002325 | C46: CALÇA JEANS C/ FAIXA REFLETIVA IHS G3 | D46: UN | E46: C | F46: 0
A47: SSO | B47: 1002319 | C47: CALÇA JEANS COM FAIXA REFLATIVA IHS - G3 | E47: C | F47: 10
A48: SSO | B48: 1002318 | C48: CALÇA JEANS COM FAIXA REFLETIVA IHS - GG | D48: PÇ | E48: C | F48: 5
A49: SSO | B49: 1002317 | C49: CAMISA ROXA VIVO - EG | E49: C | F49: 24
A50: SSO | B50: 1002337 | C50: CAMISA ROXA VIVO - EXG | D50: UN | E50: C | F50: 47
A51: SSO | B51: 1002338 | C51: CAMISA ROXA VIVO - EXG1 | E51: C | F51: 36
A52: SSO | B52: 1002279 | C52: CAMISA ROXA VIVO - G | D52: UN | E52: B | F52: 44
A53: SSO | B53: 1002335 | C53: CAMISA ROXA VIVO - G1 | E53: C | F53: 24
A54: SSO | B54: 1002280 | C54: CAMISA ROXA VIVO - GG | D54: UN | E54: C | F54: 103
A55: SSO | B55: 1002278 | C55: CAMISA ROXA VIVO - M | D55: UN | E55: C | F55: 22
A56: SSO | B56: 1006871 | C56: CAMISA SOCIAL MANGA CURTA - EXG (SUPERVISOR TIM) | E56: C | F56: 5
A57: SSO | B57: 1002009 | C57: CAMISA SOCIAL MANGA CURTA - G (SUPERVISOR TIM) | D57: UN | E57: C | F57: 14
A58: SSO | B58: 1002010 | C58: CAMISA SOCIAL MANGA CURTA - GG (SUPERVISOR TIM) | D58: UN | E58: C | F58: 10
A59: SSO | B59: 1002008 | C59: CAMISA SOCIAL MANGA CURTA - M (SUPERVISOR TIM) | D59: UN | E59: C | F59: 8
A60: SSO | B60: 10015633 | C60: CAMISA SOCIAL TIM G MASCULINA | D60: UN | E60: C | F60: 0
A61: SSO | B61: 10015622 | C61: CAMISA SOCIAL TIM M MASCULINA | E61: C | F61: 0
A62: SSO | B62: 1001289 | C62: CANETA DETECTORA DE TENSÃO 90 - 1000V | D62: UND | E62: A | F62: 8
A63: SSO | B63: 1001302 | C63: CAPA P/ CHUVA FORRADA AMARELA | D63: PÇ | E63: A | F63: 22
A64: SSO | B64: 1001190 | C64: CAPACETE ABA TOTAL AZESC | D64: PÇ | E64: A | F64: 53
A65: SSO | B65: 1000495 | C65: CAPACETE CINZA | D65: PÇ | E65: B | F65: 43
A66: SSO | B66: 1000146 | C66: CARNEIRA P/CAPACETE | D66: PÇ | E66: A | F66: 19
A67: SSO | B67: 1002188 | C67: CINTA LOMBAR | E67: C | F67: 30
A68: SSO | B68: 1002341 | C68: CINTO SEG. PQD C/3 PONTAS E PROT. LOMBAR -TAM 02 | D68: UN | E68: B | F68: 53
A69: SSO | B69: 1002262 | C69: CINTO SEG. PQD C/3 PONTAS E PROT. LOMBAR -TAM 03 | D69: PC | E69: C | F69: 6
A70: SSO | B70: 1000204 | C70: CINTO SEG. PQD C/3 PONTAS E PROT. LOMBAR-APASEG | D70: PÇ | E70: A | F70: 0
A71: SSO | B71: 1000206 | C71: COLETE REFLETIVO TP X NOTURNO | D71: PÇ | E71: A | F71: 74
A72: SSO | B72: 1000208 | C72: CONE SINALIZAÇÃO GRANDE | D72: UND | E72: A | F72: 150
A73: SSO | B73: 1000209 | C73: CONE SINALIZAÇÃO PEQUENO - LARANJA/BRANCO | D73: UND | E73: B | F73: 131
A74: SSO | B74: 1002030 | C74: CONE SINALIZAÇÃO PEQUENO - PRETO/AMARELO | D74: PÇ | E74: C | F74: 19
A75: SSO | B75: 1001444 | C75: CORDA COLOR 12MM | D75: UND | E75: B | F75: 0
A76: SSO | B76: 1006151 | C76: CORDA PP TRAN 12MM BRANCA LVM 16M | D76: M | E76: A | F76: 75
A77: SSO | B77: 1001854 | C77: CORDA TRANC 12 MM LVM 20M | D77: PÇ | E77: A | F77: 0
A78: SSO | B78: 1001234 | C78: CORREIA PARA ESCADA | D78: UND | E78: B | F78: 51
A79: SSO | B79: 1006134 | C79: FAIXA REFLETIVA 5 X 30 CM - SHERMAN | D79: U | E79: A | F79: 48
... A89: SSO | B89: 1002235 | C89: JAQUETA IHS - M | D89: UN | E89: C | F89: 0
A90: SSO | B90: 1001797 | C90: JAQUETA TIM LIVE - EXG | E90: C | F90: 0
A91: SSO | B91: 1001795 | C91: JAQUETA TIM LIVE - G | D91: UND | E91: C | F91: 0
A92: SSO | B92: 1001796 | C92: JAQUETA TIM LIVE - GG | E92: C | F92: 0
A93: SSO | B93: 1001794 | C93: JAQUETA TIM LIVE - M | E93: C | F93: 0
A94: SSO | B94: 1001793 | C94: JAQUETA TIM LIVE - P | E94: C | F94: 0
A95: SSO | B95: 1000305 | C95: JUGULAR P/CAPACETE | D95: PÇ | E95: A | F95: 0
A96: SSO | B96: 1000319 | C96: LANTERNA | D96: UND | E96: B | F96: 0
A97: SSO | B97: 1000665 | C97: LUVA DE MALHA PIGMENTADA | D97: PAR | E97: A | F97: 33
A98: SSO | B98: 1000327 | C98: LUVA DE VAQUETA MISTA CANO CURTO | D98: PAR | E98: A | F98: 70
A99: SSO | B99: 1006150 | C99: LUVA MULTITATO PU | D99: PAR | E99: A | F99: 37
A100: SSO | B100: 1001199 | C100: LUVA VAQUETA MISA C/ LONGO | D100: PAR | E100: C | F100: 43
A101: SSO | B101: 1000332 | C101: LUVA VAQUETA MISTA CANO CURTO | D101: PAR | E101: B | F101: 0
A102: SSO | B102: 1001863 | C102: MACACÃO APICUL TAM G | E102: C | F102: 1
A103: SSO | B103: 1001586 | C103: MASCARA DE TECIDO LAVAVEL (DUPLA CAMADA) | D103: UN | E103: B | F103: 23
A104: SSO | B104: 1001852 | C104: MOSQUETÃO CARABINEIRO ROSCA | D104: PÇ | E104: A | F104: 171
A105: SSO | B105: 1001562 | C105: NIVELADOR ESCADA DE MADEIRA | D105: UN | E105: C | F105: 103
A106: SSO | B106: 1000366 | C106: OCULOS DE PROTEÇÃO - PRETO | D106: UND | E106: A | F106: 44
A107: SSO | B107: 1000367 | C107: ÓCULOS DE PROTEÇÃO INCOLOR | D107: UND | E107: A | F107: 34
A108: SSO | B108: 1000368 | C108: OCULOS SEGURANÇA CINZA | D108: PÇ | E108: A | F108: 0
A109: SSO | B109: 1006136 | C109: PILHA AAA | D109: UND | E109: B | F109: 202
A110: SSO | B110: 1001991 | C110: POLO VERDE C/ ZIPER C/ FAIXA REFLETIVA IHS – EXG | D110: UN | E110: A | F110: 49
A111: SSO | B111: 1006808 | C111: POLO VERDE C/ ZIPER C/ FAIXA REFLETIVA IHS - EXG1 | D111: PÇ | E111: B | F111: 21
A112: SSO | B112: 1002180 | C112: POLO VERDE C/ ZIPER C/ FAIXA REFLETIVA IHS - EXG3 | D112: PÇ | E112: C | F112: 0
A113: SSO | B113: 1001988 | C113: POLO VERDE C/ ZIPER C/ FAIXA REFLETIVA IHS – G | D113: UN | E113: A | F113: 60
A114: SSO | B114: 1001989 | C114: POLO VERDE C/ ZIPER C/ FAIXA REFLETIVA IHS – GG | D114: UN | E114: A | F114: 35
... A134: FERRAMENTARIA | B134: 1000037 | C134: ALICATE DECAPADOR DE FIBRA OPTICA | D134: PÇ | E134: A | F134: 57
A135: FERRAMENTARIA | B135: 1001588 | C135: ALICATE REBITADOR | F135: 1
A136: FERRAMENTARIA | B136: 1000039 | C136: ALICATE UNIVERSAL 8 | D136: PÇ | E136: A | F136: 87
A137: FERRAMENTARIA | B137: 1001455 | C137: APLICADOR DE COLA QUENTE | D137: UN | E137: B | F137: 194
A138: FERRAMENTARIA | B138: 1000041 | C138: APLICADOR DE SILICONE | F138: 9
A139: FERRAMENTARIA | B139: 1000048 | C139: BADISCO DIGITAL GANDOLA | D139: PÇ | E139: A | F139: 88
A140: FERRAMENTARIA | B140: 1000049 | C140: BALDE DE LONA | D140: PÇ | E140: A | F140: 7
A141: FERRAMENTARIA | B141: 1001110 | C141: BANQUETA PT ARQUPLAST | D141: PÇ | E141: A | F141: 1
...

Sheet NOVA FRIBURGO
A1: CONSOLIDADO DE ESTOQUE — NOVA FRIBURGO
A2: Itens da unidade Nova Friburgo. Código e classe (A/B/C) buscados na aba 'de para abc' pelo nome do item.
A4: Categoria | B4: Código | C4: Descrição | D4: Unidade | E4: Classe (A/B/C) | F4: Quantidade
A5: Ferramentaria | B5: {=IFERROR(INDEX('de para abc'!$A:$A,MATCH($C5,'de para abc'!$B:$B,0)),"N/D")} -> 1001663 | C5: ADAPTADOR P/ CONECTOR SC-APC (POWER METER) | D5: UN | E5: {=IFERROR(INDEX('de para abc'!$C:$C,MATCH($C5,'de para abc'!$B:$B,0)),"N/D")} -> B | F5: 11
A6: Ferramentaria | B6: {=IFERROR(INDEX('de para abc'!$A:$A,MATCH($C6,'de para abc'!$B:$B,0)),"N/D")} -> 1000032 | C6: ALICATE DE BICO 6 | D6: PÇ | E6: {=IFERROR(INDEX('de para abc'!$C:$C,MATCH($C6,'de para abc'!$B:$B,0)),"N/D")} -> A | F6: 9
A7: Ferramentaria | B7: {=IFERROR(INDEX('de para abc'!$A:$A,MATCH($C7,'de para abc'!$B:$B,0)),"N/D")} -> 1000033 | C7: ALICATE DE CORTE 6 | D7: PÇ | E7: {=IFERROR(INDEX('de para abc'!$C:$C,MATCH($C7,'de para abc'!$B:$B,0)),"N/D")} -> A | F7: 2
A8: Ferramentaria | B8: {=IFERROR(INDEX('de para abc'!$A:$A,MATCH($C8,'de para abc'!$B:$B,0)),"N/D")} -> 1001306 | C8: ALICATE DE GRIMPAR RJ11 / RJ45 | D8: UND | E8: {=IFERROR(INDEX('de para abc'!$C:$C,MATCH($C8,'de para abc'!$B:$B,0)),"N/D")} -> A | F8: 4
A9: Ferramentaria | B9: {=IFERROR(INDEX('de para abc'!$A:$A,MATCH($C9,'de para abc'!$B:$B,0)),"N/D")} -> 1000037 | C9: ALICATE DECAPADOR DE FIBRA OPTICA | D9: PÇ | E9: {=IFERROR(INDEX('de para abc'!$C:$C,MATCH($C9,'de para abc'!$B:$B,0)),"N/D")} -> A | F9: 4
A10: Ferramentaria | B10: {=IFERROR(INDEX('de para abc'!$A:$A,MATCH($C10,'de para abc'!$B:$B,0)),"N/D")} -> 1000039 | C10: ALICATE UNIVERSAL 8 | D10: PÇ | E10: {=IFERROR(INDEX('de para abc'!$C:$C,MATCH($C10,'de para abc'!$B:$B,0)),"N/D")} -> A | F10: 11
A11: Ferramentaria | B11: {=IFERROR(INDEX('de para abc'!$A:$A,MATCH($C11,'de para abc'!$B:$B,0)),"N/D")} -> 1001455 | C11: APLICADOR DE COLA QUENTE | D11: UN | E11: {=IFERROR(INDEX('de para abc'!$C:$C,MATCH($C11,'de para abc'!$B:$B,0)),"N/D")} -> A | F11: 6
A12: Ferramentaria | B12: {=IFERROR(INDEX('de para abc'!$A:$A,MATCH($C12,'de para abc'!$B:$B,0)),"N/D")} -> 1000048 | C12: BADISCO DIGITAL GANDOLA | D12: PÇ | E12: {=IFERROR(INDEX('de para abc'!$C:$C,MATCH($C12,'de para abc'!$B:$B,0)),"N/D")} -> A | F12: 5
A13: Ferramentaria | B13: {=IFERROR(INDEX('de para abc'!$A:$A,MATCH($C13,'de para abc'!$B:$B,0)),"N/D")} -> 1000049 | C13: BALDE DE LONA | D13: PÇ | E13: {=IFERROR(INDEX('de para abc'!$C:$C,MATCH($C13,'de para abc'!$B:$B,0)),"N/D")} -> A | F13: 6
A14: Ferramentaria | B14: {=IFERROR(INDEX('de para abc'!$A:$A,MATCH($C14,'de para abc'!$B:$B,0)),"N/D")} -> 1000060 | C14: BATERIA 9 V | D14: PÇ | E14: {=IFERROR(INDEX('de para abc'!$C:$C,MATCH($C14,'de para abc'!$B:$B,0)),"N/D")} -> C | F14: 12
A15: Ferramentaria | B15: {=IFERROR(INDEX('de para abc'!$A:$A,MATCH($C15,'de para abc'!$B:$B,0)),"N/D")} -> 1000065 | C15: BOLSA DE LONA | D15: PÇ | E15: {=IFERROR(INDEX('de para abc'!$C:$C,MATCH($C15,'de para abc'!$B:$B,0)),"N/D")} -> A | F15: 10
A16: Ferramentaria | B16: {=IFERROR(INDEX('de para abc'!$A:$A,MATCH($C16,'de para abc'!$B:$B,0)),"N/D")} -> 1000082 | C16: BROCA 5/16 X 8 WIDIA | D16: UND | E16: C | F16: 1
A17: Ferramentaria | B17: {=IFERROR(INDEX('de para abc'!$A:$A,MATCH($C17,'de para abc'!$B:$B,0)),"N/D")} -> 1001712 | C17: BROCA CHATA MADEIRA 6MM X 150MM | D17: UN | E17: {=IFERROR(INDEX('de para abc'!$C:$C,MATCH($C17,'de para abc'!$B:$B,0)),"N/D")} -> B | F17: 2
A18: Ferramentaria | B18: {=IFERROR(INDEX('de para abc'!$A:$A,MATCH($C18,'de para abc'!$B:$B,0)),"N/D")} -> 1001702 | C18: BROCA CHATA MADEIRA 10 MM X 150 MM | D18: UN | E18: {=IFERROR(INDEX('de para abc'!$C:$C,MATCH($C18,'de para abc'!$B:$B,0)),"N/D")} -> B | F18: 7
A19: Ferramentaria | B19: {=IFERROR(INDEX('de para abc'!$A:$A,MATCH($C19,'de para abc'!$B:$B,0)),"N/D")} -> 1001701 | C19: BROCA CHATA MADEIRA 8 MM X 150 MM | D19: UN | E19: {=IFERROR(INDEX('de para abc'!$C:$C,MATCH($C19,'de para abc'!$B:$B,0)),"N/D")} -> B | F19: 9
A20: Ferramentaria | B20: {=IFERROR(INDEX('de para abc'!$A:$A,MATCH($C20,'de para abc'!$B:$B,0)),"N/D")} -> 1001305 | C20: BROCA DE VIDIA 12 MM X 30 CM | D20: UND | E20: C | F20: 1
A21: Ferramentaria | B21: {=IFERROR(INDEX('de para abc'!$A:$A,MATCH($C21,'de para abc'!$B:$B,0)),"N/D")} -> 1001680 | C21: BROCA DE WIDEA 10MM X 400MM ( LONGA) | D21: PÇ | E21: {=IFERROR(INDEX('de para abc'!$C:$C,MATCH($C21,'de para abc'!$B:$B,0)),"N/D")} -> A | F21: 13
A22: Ferramentaria | B22: {=IFERROR(INDEX('de para abc'!$A:$A,MATCH($C22,'de para abc'!$B:$B,0)),"N/D")} -> 1001941 | C22: BROCA DE WIDEA 8MM X 400MM (LONGA) | D22: UNID | E22: {=IFERROR(INDEX('de para abc'!$C:$C,MATCH($C22,'de para abc'!$B:$B,0)),"N/D")} -> A | F22: 2
A23: Ferramentaria | B23: {=IFERROR(INDEX('de para abc'!$A:$A,MATCH($C23,'de para abc'!$B:$B,0)),"N/D")} -> 1001704 | C23: BROCA WIDEA 10 MM X 150 MM | D23: UN | E23: {=IFERROR(INDEX('de para abc'!$C:$C,MATCH($C23,'de para abc'!$B:$B,0)),"N/D")} -> C | F23: 2
A24: Ferramentaria | B24: {=IFERROR(INDEX('de para abc'!$A:$A,MATCH($C24,'de para abc'!$B:$B,0)),"N/D")} -> 1001703 | C24: BROCA WIDEA 8 MM X 110 MM | D24: UN | E24: {=IFERROR(INDEX('de para abc'!$C:$C,MATCH($C24,'de para abc'!$B:$B,0)),"N/D")} -> C | F24: 4
A25: Ferramentaria | B25: {=IFERROR(INDEX('de para abc'!$A:$A,MATCH($C25,'de para abc'!$B:$B,0)),"N/D")} -> 1006819 | C25: CAIXA VAZADA 50L PRETA | D25: UN | E25: {=IFERROR(INDEX('de para abc'!$C:$C,MATCH($C25,'de para abc'!$B:$B,0)),"N/D")} -> C | F25: 2
A26: Ferramentaria | B26: {=IFERROR(INDEX('de para abc'!$A:$A,MATCH($C26,'de para abc'!$B:$B,0)),"N/D")} -> 1008890 | C26: CAMERA SONDA ENDOSCOPICA- 5 M | D26: UN | E26: {=IFERROR(INDEX('de para abc'!$C:$C,MATCH($C26,'de para abc'!$B:$B,0)),"N/D")} -> C | F26: 1
A27: Ferramentaria | B27: {=IFERROR(INDEX('de para abc'!$A:$A,MATCH($C27,'de para abc'!$B:$B,0)),"N/D")} -> 1001667 | C27: CANETA P/ LIMPEZA DE CONECTOR 2.5mm | D27: UN | E27: {=IFERROR(INDEX('de para abc'!$C:$C,MATCH($C27,'de para abc'!$B:$B,0)),"N/D")} -> A | F27: 13
A28: Ferramentaria | B28: {=IFERROR(INDEX('de para abc'!$A:$A,MATCH($C28,'de para abc'!$B:$B,0)),"N/D")} -> 1001122 | C28: CANETA OPTICA - VISUAL FAULT RY V3105 | D28: PÇ | E28: {=IFERROR(INDEX('de para abc'!$C:$C,MATCH($C28,'de para abc'!$B:$B,0)),"N/D")} -> A | F28: 2
A29: Ferramentaria | B29: {=IFERROR(INDEX('de para abc'!$A:$A,MATCH($C29,'de para abc'!$B:$B,0)),"N/D")} -> 1000162 | C29: CHAVE BOCA / ESTRIA 11MM | D29: PÇ | E29: {=IFERROR(INDEX('de para abc'!$C:$C,MATCH($C29,'de para abc'!$B:$B,0)),"N/D")} -> C | F29: 1
A30: Ferramentaria | B30: {=IFERROR(INDEX('de para abc'!$A:$A,MATCH($C30,'de para abc'!$B:$B,0)),"N/D")} -> 1001146 | C30: CHAVE DE ARMÁRIO TRIANGULAR | D30: PÇ | E30: {=IFERROR(INDEX('de para abc'!$C:$C,MATCH($C30,'de para abc'!$B:$B,0)),"N/D")} -> B | F30: 3
A31: Ferramentaria | B31: {=IFERROR(INDEX('de para abc'!$A:$A,MATCH($C31,'de para abc'!$B:$B,0)),"N/D")} -> 1000183 | C31: CHAVE DE FENDA GRANDE | D31: UND | E31: {=IFERROR(INDEX('de para abc'!$C:$C,MATCH($C31,'de para abc'!$B:$B,0)),"N/D")} -> A | F31: 3
A32: Ferramentaria | B32: {=IFERROR(INDEX('de para abc'!$A:$A,MATCH($C32,'de para abc'!$B:$B,0)),"N/D")} -> 1000184 | C32: CHAVE DE FENDA MEDIA | D32: UND | E32: {=IFERROR(INDEX('de para abc'!$C:$C,MATCH($C32,'de para abc'!$B:$B,0)),"N/D")} -> A | F32: 30
... A72: Ferramentaria | B72: {=IFERROR(INDEX('de para abc'!$A:$A,MATCH($C72,'de para abc'!$B:$B,0)),"N/D")} -> 1001461 | C72: TUBO DE COLA QUENTE | D72: UN | E72: {=IFERROR(INDEX('de para abc'!$C:$C,MATCH($C72,'de para abc'!$B:$B,0)),"N/D")} -> C | F72: 13
A73: SSO | B73: {=IFERROR(INDEX('de para abc'!$A:$A,MATCH($C73,'de para abc'!$B:$B,0)),"N/D")} -> 1001850 | C73: ANEL DE ANCORAGEM 1,50M | D73: PÇ | E73: C | F73: 4
A74: SSO | B74: {=IFERROR(INDEX('de para abc'!$A:$A,MATCH($C74,'de para abc'!$B:$B,0)),"N/D")} -> 1006180 | C74: ANEL DE ANCORAGEM 2,00 MT | D74: UN | E74: C | F74: 1
A75: SSO | B75: {=IFERROR(INDEX('de para abc'!$A:$A,MATCH($C75,'de para abc'!$B:$B,0)),"N/D")} -> 1000052 | C75: BANDEROLA DE SINALIZAÇÃO | D75: UND | E75: {=IFERROR(INDEX('de para abc'!$C:$C,MATCH($C75,'de para abc'!$B:$B,0)),"N/D")} -> A | F75: 1
A76: SSO | B76: 1001864 | C76: BOLSA DE LONA PARA KIT LINHA DE VI... | D76: UND | E76: C | F76: 4
A77: SSO | B77: {=IFERROR(INDEX('de para abc'!$A:$A,MATCH($C77,'de para abc'!$B:$B,0)),"N/D")} -> 1001249 | C77: BOTA DE COURO SEM CADARÇO TAM. 37 | D77: PAR | E77: C | F77: 1
A78: SSO | B78: {=IFERROR(INDEX('de para abc'!$A:$A,MATCH($C78,'de para abc'!$B:$B,0)),"N/D")} -> 1000068 | C78: BOTA DE COURO SEM CADARÇO TAM. 38 | D78: PAR | E78: C | F78: 1
A79: SSO | B79: {=IFERROR(INDEX('de para abc'!$A:$A,MATCH($C79,'de para abc'!$B:$B,0)),"N/D")} -> 1000072 | C79: BOTA DE COURO SEM CADARÇO TAM. 42 | D79: PAR | E79: {=IFERROR(INDEX('de para abc'!$C:$C,MATCH($C79,'de para abc'!$B:$B,0)),"N/D")} -> C | F79: 1
A80: SSO | B80: {=IFERROR(INDEX('de para abc'!$A:$A,MATCH($C80,'de para abc'!$B:$B,0)),"N/D")} -> 1000073 | C80: BOTA DE COURO SEM CADARÇO TAM. 43 | D80: PAR | E80: C | F80: 1
A81: SSO | B81: {=IFERROR(INDEX('de para abc'!$A:$A,MATCH($C81,'de para abc'!$B:$B,0)),"N/D")} -> 1000074 | C81: BOTA DE COURO SEM CADARÇO TAM. 44 | D81: PAR | E81: C | F81: 1
A82: SSO | B82: {=IFERROR(INDEX('de para abc'!$A:$A,MATCH($C82,'de para abc'!$B:$B,0)),"N/D")} -> 1000075 | C82: BOTA DE COURO SEM CADARÇO TAM. 45 | D82: PAR | E82: C | F82: 2
A83: SSO | B83: {=IFERROR(INDEX('de para abc'!$A:$A,MATCH($C83,'de para abc'!$B:$B,0)),"N/D")} -> 1000076 | C83: BOTA DE COURO SEM CADARÇO TAM. 46 | D83: PAR | E83: C | F83: 2
A84: SSO | B84: {=IFERROR(INDEX('de para abc'!$A:$A,MATCH($C84,'de para abc'!$B:$B,0)),"N/D")} -> N/D | C84: CALÇA CLARO FFA CINZA - G | D84: UND | E84: C | F84: 2
A85: SSO | B85: {=IFERROR(INDEX('de para abc'!$A:$A,MATCH($C85,'de para abc'!$B:$B,0)),"N/D")} -> N/D | C85: CALÇA CLARO FFA CINZA - XG | D85: UND | E85: C | F85: 2
A86: SSO | B86: {=IFERROR(INDEX('de para abc'!$A:$A,MATCH($C86,'de para abc'!$B:$B,0)),"N/D")} -> 1002148 | C86: CALÇA CLARO FFA CINZA - P | D86: PÇ | E86: C | F86: 1
A87: SSO | B87: {=IFERROR(INDEX('de para abc'!$A:$A,MATCH($C87,'de para abc'!$B:$B,0)),"N/D")} -> 1001694 | C87: CAMISA POLO CINZA - CLARO FFA - GG | D87: UND | E87: {=IFERROR(INDEX('de para abc'!$C:$C,MATCH($C87,'de para abc'!$B:$B,0)),"N/D")} -> C | F87: 1
A88: SSO | B88: {=IFERROR(INDEX('de para abc'!$A:$A,MATCH($C88,'de para abc'!$B:$B,0)),"N/D")} -> 1001302 | C88: CAPA P/ CHUVA FORRADA AMARELA | D88: PÇ | E88: C | F88: 2
A89: SSO | B89: {=IFERROR(INDEX('de para abc'!$A:$A,MATCH($C89,'de para abc'!$B:$B,0)),"N/D")} -> 1001190 | C89: CAPACETE ABA TOTAL AZESC | D89: PÇ | E89: C | F89: 4
A90: SSO | B90: {=IFERROR(INDEX('de para abc'!$A:$A,MATCH($C90,'de para abc'!$B:$B,0)),"N/D")} -> 1000146 | C90: CARNEIRA P/CAPACETE | D90: PÇ | E90: C | F90: 4
A91: SSO | B91: 1000204 | C91: CINTO SEG. PQD C/3 PONTAS E PROT. L... | D91: PÇ | E91: C | F91: 4
A92: SSO | B92: {=IFERROR(INDEX('de para abc'!$A:$A,MATCH($C92,'de para abc'!$B:$B,0)),"N/D")} -> 1000206 | C92: COLETE REFLETIVO TP X NOTURNO | D92: PÇ | E92: C | F92: 3
A93: SSO | B93: 1000209 | C93: CONE SINALIZAÇÃO PEQUENO - LARANJA/... | D93: UND | E93: C | F93: 16
A94: SSO | B94: {=IFERROR(INDEX('de para abc'!$A:$A,MATCH($C94,'de para abc'!$B:$B,0)),"N/D")} -> 1001854 | C94: CORDA TRANC 12 MM LVM 20M | D94: PÇ | E94: C | F94: 4
A95: SSO | B95: {=IFERROR(INDEX('de para abc'!$A:$A,MATCH($C95,'de para abc'!$B:$B,0)),"N/D")} -> 1001851 | C95: FITA CARTRACA LINHA DE VIDA | D95: PÇ | E95: C | F95: 6
A96: SSO | B96: 1001855 | C96: FITA DE ANCORAGEM PARA ESCADA C/ AB... | D96: PÇ | E96: C | F96: 6
A97: SSO | B97: {=IFERROR(INDEX('de para abc'!$A:$A,MATCH($C97,'de para abc'!$B:$B,0)),"N/D")} -> 1000277 | C97: FITA ZEBRADA 160M | D97: RL | E97: {=IFERROR(INDEX('de para abc'!$C:$C,MATCH($C97,'de para abc'!$B:$B,0)),"N/D")} -> C | F97: 3
A98: SSO | B98: {=IFERROR(INDEX('de para abc'!$A:$A,MATCH($C98,'de para abc'!$B:$B,0)),"N/D")} -> 1006179 | C98: FREIO ABS PARA LINHA DE VIDA | D98: UN | E98: C | F98: 1
A99: SSO | B99: {=IFERROR(INDEX('de para abc'!$A:$A,MATCH($C99,'de para abc'!$B:$B,0)),"N/D")} -> 1001923 | C99: JAQUETA CLARO COM CAPUZ - G | D99: UN | E99: C | F99: 1
A100: SSO | B100: {=IFERROR(INDEX('de para abc'!$A:$A,MATCH($C100,'de para abc'!$B:$B,0)),"N/D")} -> 1000305 | C100: JUGULAR P/CAPACETE | D100: PÇ | E100: C | F100: 3
A101: SSO | B101: {=IFERROR(INDEX('de para abc'!$A:$A,MATCH($C101,'de para abc'!$B:$B,0)),"N/D")} -> 1000665 | C101: LUVA DE MALHA PIGMENTADA | D101: PAR | E101: C | F101: 1
A102: SSO | B102: {=IFERROR(INDEX('de para abc'!$A:$A,MATCH($C102,'de para abc'!$B:$B,0)),"N/D")} -> 1000332 | C102: LUVA VAQUETA MISTA CANO CURTO | D102: PAR | E102: C | F102: 6
A103: SSO | B103: {=IFERROR(INDEX('de para abc'!$A:$A,MATCH($C103,'de para abc'!$B:$B,0)),"N/D")} -> 1001852 | C103: MOSQUETÃO CARABINEIRO ROSCA | D103: PÇ | E103: C | F103: 11
A104: SSO | B104: 1001562 | C104: NIVELADOR ESCADA DE MADEIRA | D104: UN | E104: C | F104: 4
A105: SSO | B105: {=IFERROR(INDEX('de para abc'!$A:$A,MATCH($C105,'de para abc'!$B:$B,0)),"N/D")} -> 1000366 | C105: OCULOS DE PROTEÇÃO - PRETO | D105: UND | E105: C | F105: 1
A106: SSO | B106: {=IFERROR(INDEX('de para abc'!$A:$A,MATCH($C106,'de para abc'!$B:$B,0)),"N/D")} -> 1000368 | C106: OCULOS SEGURANÇA CINZA | D106: PÇ | E106: C | F106: 0
A107: SSO | B107: 1000648 | C107: TALABARTE (APA SEG)TIPO Y DE FITA C... | D107: UND | E107: C | F107: 4
A108: SSO | B108: 1000995 | C108: TALABARTE DE POSICIONAMENTO REGULÁV... | D108: UND | E108: C | F108: 3
A109: SSO | B109: 1001853 | C109: TRAVA QUEDAS MOD DOBRADIÇA CORDA 12... | D109: PÇ | E109: C | F109: 3
A110: SSO | B110: {=IFERROR(INDEX('de para abc'!$A:$A,MATCH($C110,'de para abc'!$B:$B,0)),"N/D")} -> 1000367 | C110: ÓCULOS DE PROTEÇÃO INCOLOR | D110: UND | E110: C | F110: 2
A111: TOTAL GERAL | F111: =SUM(F5:F110) -> 629

Sheet CAMPO GRANDE
A1: CONSOLIDADO DE ESTOQUE — CAMPO GRANDE
A2: Itens da unidade Campo Grande. Classe (A/B/C) e código buscados nas abas 'de para abc' e 'de para codigo'.
A4: Categoria | B4: Código | C4: Descrição | D4: Unidade | E4: Classe (A/B/C) | F4: Quantidade | H4: Categoria | I4: Itens | J4: Quantidade
A5: Ferramentaria | B5: 1001719 | C5: ALICATE COMPRESSÃO P/ CABO COAXIAL... | D5: PÇ | E5: {=IFERROR(IF(INDEX('de para abc'!$C:$C,MATCH($B5,'de para abc'!$A:$A,0))=0,"C",INDEX('de para abc'!$C:$C,MATCH($B5,'de para abc'!$A:$A,0))),IFERROR(IF(INDEX('de para abc'!$C:$C,MATCH($C5,'de para abc'!$B:$B,0))=0,"C",INDEX('de para abc'!$C:$C,MATCH($C5,'de para abc'!$B:$B,0))),"C"))} -> B | F5: 0 | H5: Ferramentaria | I5: =COUNTIF($A$5:$A$204,H5) -> 51 | J5: =SUMIF($A$5:$A$204,H5,$F$5:$F$204) -> 667
A6: Ferramentaria | B6: 1000032 | C6: ALICATE DE BICO 6 | D6: PÇ | E6: {=IFERROR(IF(INDEX('de para abc'!$C:$C,MATCH($B6,'de para abc'!$A:$A,0))=0,"C",INDEX('de para abc'!$C:$C,MATCH($B6,'de para abc'!$A:$A,0))),IFERROR(IF(INDEX('de para abc'!$C:$C,MATCH($C6,'de para abc'!$B:$B,0))=0,"C",INDEX('de para abc'!$C:$C,MATCH($C6,'de para abc'!$B:$B,0))),"C"))} -> A | F6: 3 | H6: SSO | I6: =COUNTIF($A$5:$A$204,H6) -> 149 | J6: =SUMIF($A$5:$A$204,H6,$F$5:$F$204) -> 83
A7: Ferramentaria | B7: 1001306 | C7: ALICATE DE GRIMPAR RJ11 / RJ45 | D7: UND | E7: {=IFERROR(IF(INDEX('de para abc'!$C:$C,MATCH($B7,'de para abc'!$A:$A,0))=0,"C",INDEX('de para abc'!$C:$C,MATCH($B7,'de para abc'!$A:$A,0))),IFERROR(IF(INDEX('de para abc'!$C:$C,MATCH($C7,'de para abc'!$B:$B,0))=0,"C",INDEX('de para abc'!$C:$C,MATCH($C7,'de para abc'!$B:$B,0))),"C"))} -> A | F7: 3 | H7: Total | I7: =SUM(I5:I6) -> 200 | J7: =SUM(J5:J6) -> 750
A8: Ferramentaria | B8: 1000036 | C8: ALICATE DE PRESSÃO RG6 | D8: PÇ | E8: {=IFERROR(IF(INDEX('de para abc'!$C:$C,MATCH($B8,'de para abc'!$A:$A,0))=0,"C",INDEX('de para abc'!$C:$C,MATCH($B8,'de para abc'!$A:$A,0))),IFERROR(IF(INDEX('de para abc'!$C:$C,MATCH($C8,'de para abc'!$B:$B,0))=0,"C",INDEX('de para abc'!$C:$C,MATCH($C8,'de para abc'!$B:$B,0))),"C"))} -> B | F8: 2
A9: Ferramentaria | B9: 1000037 | C9: ALICATE DECAPADOR DE FIBRA OPTICA | D9: PÇ | E9: {=IFERROR(IF(INDEX('de para abc'!$C:$C,MATCH($B9,'de para abc'!$A:$A,0))=0,"C",INDEX('de para abc'!$C:$C,MATCH($B9,'de para abc'!$A:$A,0))),IFERROR(IF(INDEX('de para abc'!$C:$C,MATCH($C9,'de para abc'!$B:$B,0))=0,"C",INDEX('de para abc'!$C:$C,MATCH($C9,'de para abc'!$B:$B,0))),"C"))} -> A | F9: 1
A10: Ferramentaria | B10: 9000028 | C10: ALICATE DECAPADOR FIBRA OPT (DROP FLAT) P-22 | D10: PÇ | E10: {=IFERROR(IF(INDEX('de para abc'!$C:$C,MATCH($B10,'de para abc'!$A:$A,0))=0,"C",INDEX('de para abc'!$C:$C,MATCH($B10,'de para abc'!$A:$A,0))),IFERROR(IF(INDEX('de para abc'!$C:$C,MATCH($C10,'de para abc'!$B:$B,0))=0,"C",INDEX('de para abc'!$C:$C,MATCH($C10,'de para abc'!$B:$B,0))),"C"))} -> C | F10: 1
A11: Ferramentaria | B11: 1000039 | C11: ALICATE UNIVERSAL 8 | D11: PÇ | E11: {=IFERROR(IF(INDEX('de para abc'!$C:$C,MATCH($B11,'de para abc'!$A:$A,0))=0,"C",INDEX('de para abc'!$C:$C,MATCH($B11,'de para abc'!$A:$A,0))),IFERROR(IF(INDEX('de para abc'!$C:$C,MATCH($C11,'de para abc'!$B:$B,0))=0,"C",INDEX('de para abc'!$C:$C,MATCH($C11,'de para abc'!$B:$B,0))),"C"))} -> A | F11: 3
A12: Ferramentaria | B12: 1001455 | C12: APLICADOR DE COLA QUENTE | D12: UN | E12: {=IFERROR(IF(INDEX('de para abc'!$C:$C,MATCH($B12,'de para abc'!$A:$A,0))=0,"C",INDEX('de para abc'!$C:$C,MATCH($B12,'de para abc'!$A:$A,0))),IFERROR(IF(INDEX('de para abc'!$C:$C,MATCH($C12,'de para abc'!$B:$B,0))=0,"C",INDEX('de para abc'!$C:$C,MATCH($C12,'de para abc'!$B:$B,0))),"C"))} -> A | F12: 5
A13: Ferramentaria | B13: 1000048 | C13: BADISCO DIGITAL GANDOLA | D13: PÇ | E13: {=IFERROR(IF(INDEX('de para abc'!$C:$C,MATCH($B13,'de para abc'!$A:$A,0))=0,"C",INDEX('de para abc'!$C:$C,MATCH($B13,'de para abc'!$A:$A,0))),IFERROR(IF(INDEX('de para abc'!$C:$C,MATCH($C13,'de para abc'!$B:$B,0))=0,"C",INDEX('de para abc'!$C:$C,MATCH($C13,'de para abc'!$B:$B,0))),"C"))} -> A | F13: 7
A14: Ferramentaria | B14: 1000049 | C14: BALDE DE LONA | D14: PÇ | E14: {=IFERROR(IF(INDEX('de para abc'!$C:$C,MATCH($B14,'de para abc'!$A:$A,0))=0,"C",INDEX('de para abc'!$C:$C,MATCH($B14,'de para abc'!$A:$A,0))),IFERROR(IF(INDEX('de para abc'!$C:$C,MATCH($C14,'de para abc'!$B:$B,0))=0,"C",INDEX('de para abc'!$C:$C,MATCH($C14,'de para abc'!$B:$B,0))),"C"))} -> A | F14: 0
A15: Ferramentaria | B15: 1001712 | C15: BROCA CHATA MADEIRA 6MM X 150MM | D15: UN | E15: {=IFERROR(IF(INDEX('de para abc'!$C:$C,MATCH($B15,'de para abc'!$A:$A,0))=0,"C",INDEX('de para abc'!$C:$C,MATCH($B15,'de para abc'!$A:$A,0))),IFERROR(IF(INDEX('de para abc'!$C:$C,MATCH($C15,'de para abc'!$B:$B,0))=0,"C",INDEX('de para abc'!$C:$C,MATCH($C15,'de para abc'!$B:$B,0))),"C"))} -> B | F15: 2
A16: Ferramentaria | B16: 1001702 | C16: BROCA CHATA MADEIRA 10 MM X 150 MM | D16: UN | E16: {=IFERROR(IF(INDEX('de para abc'!$C:$C,MATCH($B16,'de para abc'!$A:$A,0))=0,"C",INDEX('de para abc'!$C:$C,MATCH($B16,'de para abc'!$A:$A,0))),IFERROR(IF(INDEX('de para abc'!$C:$C,MATCH($C16,'de para abc'!$B:$B,0))=0,"C",INDEX('de para abc'!$C:$C,MATCH($C16,'de para abc'!$B:$B,0))),"C"))} -> B | F16: 2
A17: Ferramentaria | B17: 1001701 | C17: BROCA CHATA MADEIRA 8 MM X 150 MM | D17: UN | E17: {=IFERROR(IF(INDEX('de para abc'!$C:$C,MATCH($B17,'de para abc'!$A:$A,0))=0,"C",INDEX('de para abc'!$C:$C,MATCH($B17,'de para abc'!$A:$A,0))),IFERROR(IF(INDEX('de para abc'!$C:$C,MATCH($C17,'de para abc'!$B:$B,0))=0,"C",INDEX('de para abc'!$C:$C,MATCH($C17,'de para abc'!$B:$B,0))),"C"))} -> B | F17: 2
A18: Ferramentaria | B18: {=IFERROR(INDEX('de para codigo'!$A:$A,MATCH($C18,'de para codigo'!$B:$B,0)),"N/D")} -> N/D | C18: BROCA CHATA MADEIRA 3/8 Pl | D18: UN | E18: {=IFERROR(IF(INDEX('de para abc'!$C:$C,MATCH($B18,'de para abc'!$A:$A,0))=0,"C",INDEX('de para abc'!$C:$C,MATCH($B18,'de para abc'!$A:$A,0))),IFERROR(IF(INDEX('de para abc'!$C:$C,MATCH($C18,'de para abc'!$B:$B,0))=0,"C",INDEX('de para abc'!$C:$C,MATCH($C18,'de para abc'!$B:$B,0))),"C"))} -> C | F18: 1
A19: Ferramentaria | B19: 1001986 | C19: BROCA 3 PONTAS MADEIRA 8 MM | D19: UN | E19: {=IFERROR(IF(INDEX('de para abc'!$C:$C,MATCH($B19,'de para abc'!$A:$A,0))=0,"C",INDEX('de para abc'!$C:$C,MATCH($B19,'de para abc'!$A:$A,0))),IFERROR(IF(INDEX('de para abc'!$C:$C,MATCH($C19,'de para abc'!$B:$B,0))=0,"C",INDEX('de para abc'!$C:$C,MATCH($C19,'de para abc'!$B:$B,0))),"C"))} -> C | F19: 2
A20: Ferramentaria | B20: 1001680 | C20: BROCA DE WIDEA 10MM X 400MM ( LONGA... | D20: PÇ | E20: {=IFERROR(IF(INDEX('de para abc'!$C:$C,MATCH($B20,'de para abc'!$A:$A,0))=0,"C",INDEX('de para abc'!$C:$C,MATCH($B20,'de para abc'!$A:$A,0))),IFERROR(IF(INDEX('de para abc'!$C:$C,MATCH($C20,'de para abc'!$B:$B,0))=0,"C",INDEX('de para abc'!$C:$C,MATCH($C20,'de para abc'!$B:$B,0))),"C"))} -> A | F20: 0
A21: Ferramentaria | B21: 1008890 | C21: CAMERA SONDA ENDOSCOPICA- 5 M | D21: UN | E21: {=IFERROR(IF(INDEX('de para abc'!$C:$C,MATCH($B21,'de para abc'!$A:$A,0))=0,"C",INDEX('de para abc'!$C:$C,MATCH($B21,'de para abc'!$A:$A,0))),IFERROR(IF(INDEX('de para abc'!$C:$C,MATCH($C21,'de para abc'!$B:$B,0))=0,"C",INDEX('de para abc'!$C:$C,MATCH($C21,'de para abc'!$B:$B,0))),"C"))} -> C | F21: 7
A22: Ferramentaria | B22: 1001667 | C22: CANETA P/ LIMPEZA DE CONECTOR 2.5m... | D22: UN | E22: {=IFERROR(IF(INDEX('de para abc'!$C:$C,MATCH($B22,'de para abc'!$A:$A,0))=0,"C",INDEX('de para abc'!$C:$C,MATCH($B22,'de para abc'!$A:$A,0))),IFERROR(IF(INDEX('de para abc'!$C:$C,MATCH($C22,'de para abc'!$B:$B,0))=0,"C",INDEX('de para abc'!$C:$C,MATCH($C22,'de para abc'!$B:$B,0))),"C"))} -> A | F22: 20
A23: Ferramentaria | B23: 1001122 | C23: CANETA OPTICA - VISUAL FAULT RY V31... | D23: PÇ | E23: {=IFERROR(IF(INDEX('de para abc'!$C:$C,MATCH($B23,'de para abc'!$A:$A,0))=0,"C",INDEX('de para abc'!$C:$C,MATCH($B23,'de para abc'!$A:$A,0))),IFERROR(IF(INDEX('de para abc'!$C:$C,MATCH($C23,'de para abc'!$B:$B,0))=0,"C",INDEX('de para abc'!$C:$C,MATCH($C23,'de para abc'!$B:$B,0))),"C"))} -> A | F23: 2
A24: Ferramentaria | B24: 1001146 | C24: CHAVE DE ARMÁRIO TRIANGULAR | D24: PÇ | E24: {=IFERROR(IF(INDEX('de para abc'!$C:$C,MATCH($B24,'de para abc'!$A:$A,0))=0,"C",INDEX('de para abc'!$C:$C,MATCH($B24,'de para abc'!$A:$A,0))),IFERROR(IF(INDEX('de para abc'!$C:$C,MATCH($C24,'de para abc'!$B:$B,0))=0,"C",INDEX('de para abc'!$C:$C,MATCH($C24,'de para abc'!$B:$B,0))),"C"))} -> B | F24: 9
A25: Ferramentaria | B25: 1000184 | C25: CHAVE DE FENDA MEDIA | D25: UND | E25: {=IFERROR(IF(INDEX('de para abc'!$C:$C,MATCH($B25,'de para abc'!$A:$A,0))=0,"C",INDEX('de para abc'!$C:$C,MATCH($B25,'de para abc'!$A:$A,0))),IFERROR(IF(INDEX('de para abc'!$C:$C,MATCH($C25,'de para abc'!$B:$B,0))=0,"C",INDEX('de para abc'!$C:$C,MATCH($C25,'de para abc'!$B:$B,0))),"C"))} -> A | F25: 8
A26: Ferramentaria | B26: 1000185 | C26: CHAVE DE FENDA PEQUENA | D26: UND | E26: {=IFERROR(IF(INDEX('de para abc'!$C:$C,MATCH($B26,'de para abc'!$A:$A,0))=0,"C",INDEX('de para abc'!$C:$C,MATCH($B26,'de para abc'!$A:$A,0))),IFERROR(IF(INDEX('de para abc'!$C:$C,MATCH($C26,'de para abc'!$B:$B,0))=0,"C",INDEX('de para abc'!$C:$C,MATCH($C26,'de para abc'!$B:$B,0))),"C"))} -> A | F26: 3
A27: Ferramentaria | B27: 1000183 | C27: CHAVE DE FENDA GRANDE | D27: UND | E27: {=IFERROR(IF(INDEX('de para abc'!$C:$C,MATCH($B27,'de para abc'!$A:$A,0))=0,"C",INDEX('de para abc'!$C:$C,MATCH($B27,'de para abc'!$A:$A,0))),IFERROR(IF(INDEX('de para abc'!$C:$C,MATCH($C27,'de para abc'!$B:$B,0))=0,"C",INDEX('de para abc'!$C:$C,MATCH($C27,'de para abc'!$B:$B,0))),"C"))} -> A | F27: 3
A28: Ferramentaria | B28: 1006116 | C28: CHAVE GTP TRAVA E DESTRAVA CURTA | D28: PÇ | E28: {=IFERROR(IF(INDEX('de para abc'!$C:$C,MATCH($B28,'de para abc'!$A:$A,0))=0,"C",INDEX('de para abc'!$C:$C,MATCH($B28,'de para abc'!$A:$A,0))),IFERROR(IF(INDEX('de para abc'!$C:$C,MATCH($C28,'de para abc'!$B:$B,0))=0,"C",INDEX('de para abc'!$C:$C,MATCH($C28,'de para abc'!$B:$B,0))),"C"))} -> B | F28: 1
A29: Ferramentaria | B29: {=IFERROR(INDEX('de para codigo'!$A:$A,MATCH($C29,'de para codigo'!$B:$B,0)),"N/D")} -> N/D | C29: CHAVE GTP TRAVA E DESTRAVA LONGA | D29: PÇ | E29: {=IFERROR(IF(INDEX('de para abc'!$C:$C,MATCH($B29,'de para abc'!$A:$A,0))=0,"C",INDEX('de para abc'!$C:$C,MATCH($B29,'de para abc'!$A:$A,0))),IFERROR(IF(INDEX('de para abc'!$C:$C,MATCH($C29,'de para abc'!$B:$B,0))=0,"C",INDEX('de para abc'!$C:$C,MATCH($C29,'de para abc'!$B:$B,0))),"C"))} -> C | F29: 6
A30: Ferramentaria | B30: 1001707 | C30: CHAVE MINI TRAP ST1 P/ CONECTOR RG ... | D30: UN | E30: {=IFERROR(IF(INDEX('de para abc'!$C:$C,MATCH($B30,'de para abc'!$A:$A,0))=0,"C",INDEX('de para abc'!$C:$C,MATCH($B30,'de para abc'!$A:$A,0))),IFERROR(IF(INDEX('de para abc'!$C:$C,MATCH($C30,'de para abc'!$B:$B,0))=0,"C",INDEX('de para abc'!$C:$C,MATCH($C30,'de para abc'!$B:$B,0))),"C"))} -> B | F30: 3
A31: Ferramentaria | B31: 1000195 | C31: CHAVE P/ CAIXA SUBTERRANEA | D31: PÇ | E31: {=IFERROR(IF(INDEX('de para abc'!$C:$C,MATCH($B31,'de para abc'!$A:$A,0))=0,"C",INDEX('de para abc'!$C:$C,MATCH($B31,'de para abc'!$A:$A,0))),IFERROR(IF(INDEX('de para abc'!$C:$C,MATCH($C31,'de para abc'!$B:$B,0))=0,"C",INDEX('de para abc'!$C:$C,MATCH($C31,'de para abc'!$B:$B,0))),"C"))} -> A | F31: 0
A32: Ferramentaria | B32: 1000196 | C32: CHAVE PHILIPS GRANDE | D32: UND | E32: {=IFERROR(IF(INDEX('de para abc'!$C:$C,MATCH($B32,'de para abc'!$A:$A,0))=0,"C",INDEX('de para abc'!$C:$C,MATCH($B32,'de para abc'!$A:$A,0))),IFERROR(IF(INDEX('de para abc'!$C:$C,MATCH($C32,'de para abc'!$B:$B,0))=0,"C",INDEX('de para abc'!$C:$C,MATCH($C32,'de para abc'!$B:$B,0))),"C"))} -> A | F32: 1
A33: Ferramentaria | B33: 1000197 | C33: CHAVE PHILIPS MEDIA | D33: UND | E33: {=IFERROR(IF(INDEX('de para abc'!$C:$C,MATCH($B33,'de para abc'!$A:$A,0))=0,"C",INDEX('de para abc'!$C:$C,MATCH($B33,'de para abc'!$A:$A,0))),IFERROR(IF(INDEX('de para abc'!$C:$C,MATCH($C33,'de para abc'!$B:$B,0))=0,"C",INDEX('de para abc'!$C:$C,MATCH($C33,'de para abc'!$B:$B,0))),"C"))} -> A | F33: 7
A34: Ferramentaria | B34: 1000198 | C34: CHAVE PHILIPS PEQUENA | D34: UND | E34: {=IFERROR(IF(INDEX('de para abc'!$C:$C,MATCH($B34,'de para abc'!$A:$A,0))=0,"C",INDEX('de para abc'!$C:$C,MATCH($B34,'de para abc'!$A:$A,0))),IFERROR(IF(INDEX('de para abc'!$C:$C,MATCH($C34,'de para abc'!$B:$B,0))=0,"C",INDEX('de para abc'!$C:$C,MATCH($C34,'de para abc'!$B:$B,0))),"C"))} -> A | F34: 3
A35: Ferramentaria | B35: 1001741 | C35: CHAVE TORQUE PARA CONECTOR 20K | D35: UND | E35: {=IFERROR(IF(INDEX('de para abc'!$C:$C,MATCH($B35,'de para abc'!$A:$A,0))=0,"C",INDEX('de para abc'!$C:$C,MATCH($B35,'de para abc'!$A:$A,0))),IFERROR(IF(INDEX('de para abc'!$C:$C,MATCH($C35,'de para abc'!$B:$B,0))=0,"C",INDEX('de para abc'!$C:$C,MATCH($C35,'de para abc'!$B:$B,0))),"C"))} -> A | F35: 5
A36: Ferramentaria | B36: 1001045 | C36: CLIVADOR FIBER CLEAVER | D36: PÇ | E36: {=IFERROR(IF(INDEX('de para abc'!$C:$C,MATCH($B36,'de para abc'!$A:$A,0))=0,"C",INDEX('de para abc'!$C:$C,MATCH($B36,'de para abc'!$A:$A,0))),IFERROR(IF(INDEX('de para abc'!$C:$C,MATCH($C36,'de para abc'!$B:$B,0))=0,"C",INDEX('de para abc'!$C:$C,MATCH($C36,'de para abc'!$B:$B,0))),"C"))} -> A | F36: 2
A37: Ferramentaria | B37: 1001488 | C37: ESCADA 5 DEGRAUS DOMESTICA | D37: UN | E37: {=IFERROR(IF(INDEX('de para abc'!$C:$C,MATCH($B37,'de para abc'!$A:$A,0))=0,"C",INDEX('de para abc'!$C:$C,MATCH($B37,'de para abc'!$A:$A,0))),IFERROR(IF(INDEX('de para abc'!$C:$C,MATCH($C37,'de para abc'!$B:$B,0))=0,"C",INDEX('de para abc'!$C:$C,MATCH($C37,'de para abc'!$B:$B,0))),"C"))} -> A | F37: 2
A38: Ferramentaria | B38: 1000243 | C38: ESCADA DE FIBRA EXTENSIVEL 3,60 X 6,00 | D38: UND | E38: {=IFERROR(IF(INDEX('de para abc'!$C:$C,MATCH($B38,'de para abc'!$A:$A,0))=0,"C",INDEX('de para abc'!$C:$C,MATCH($B38,'de para abc'!$A:$A,0))),IFERROR(IF(INDEX('de para abc'!$C:$C,MATCH($C38,'de para abc'!$B:$B,0))=0,"C",INDEX('de para abc'!$C:$C,MATCH($C38,'de para abc'!$B:$B,0))),"C"))} -> A | F38: 1
A39: Ferramentaria | B39: 1000481 | C39: DECAPADOR DE CABOS | D39: UND | E39: {=IFERROR(IF(INDEX('de para abc'!$C:$C,MATCH($B39,'de para abc'!$A:$A,0))=0,"C",INDEX('de para abc'!$C:$C,MATCH($B39,'de para abc'!$A:$A,0))),IFERROR(IF(INDEX('de para abc'!$C:$C,MATCH($C39,'de para abc'!$B:$B,0))=0,"C",INDEX('de para abc'!$C:$C,MATCH($C39,'de para abc'!$B:$B,0))),"C"))} -> B | F39: 3
A40: Ferramentaria | B40: 1001264 | C40: FERRO DE ABRIR CAIXA TIPO T | D40: UN | E40: {=IFERROR(IF(INDEX('de para abc'!$C:$C,MATCH($B40,'de para abc'!$A:$A,0))=0,"C",INDEX('de para abc'!$C:$C,MATCH($B40,'de para abc'!$A:$A,0))),IFERROR(IF(INDEX('de para abc'!$C:$C,MATCH($C40,'de para abc'!$B:$B,0))=0,"C",INDEX('de para abc'!$C:$C,MATCH($C40,'de para abc'!$B:$B,0))),"C"))} -> A | F40: 2
A41: Ferramentaria | B41: 1000262 | C41: FERRO DE CAIXA TIPO J | D41: UN | E41: {=IFERROR(IF(INDEX('de para abc'!$C:$C,MATCH($B41,'de para abc'!$A:$A,0))=0,"C",INDEX('de para abc'!$C:$C,MATCH($B41,'de para abc'!$A:$A,0))),IFERROR(IF(INDEX('de para abc'!$C:$C,MATCH($C41,'de para abc'!$B:$B,0))=0,"C",INDEX('de para abc'!$C:$C,MATCH($C41,'de para abc'!$B:$B,0))),"C"))} -> C | F41: 12
... A44: Ferramentaria | B44: 1001705 | C44: JOGO CHAVE ALLEN C/ 25 PÇS | D44: UN | E44: {=IFERROR(IF(INDEX('de para abc'!$C:$C,MATCH($B44,'de para abc'!$A:$A,0))=0,"C",INDEX('de para abc'!$C:$C,MATCH($B44,'de para abc'!$A:$A,0))),IFERROR(IF(INDEX('de para abc'!$C:$C,MATCH($C44,'de para abc'!$B:$B,0))=0,"C",INDEX('de para abc'!$C:$C,MATCH($C44,'de para abc'!$B:$B,0))),"C"))} -> B | F44: 4
A45: Ferramentaria | B45: {=IFERROR(INDEX('de para codigo'!$A:$A,MATCH($C45,'de para codigo'!$B:$B,0)),"N/D")} -> N/D | C45: JOGO CHAVE ALLEN C/ 6 PÇS | D45: UN | E45: {=IFERROR(IF(INDEX('de para abc'!$C:$C,MATCH($B45,'de para abc'!$A:$A,0))=0,"C",INDEX('de para abc'!$C:$C,MATCH($B45,'de para abc'!$A:$A,0))),IFERROR(IF(INDEX('de para abc'!$C:$C,MATCH($C45,'de para abc'!$B:$B,0))=0,"C",INDEX('de para abc'!$C:$C,MATCH($C45,'de para abc'!$B:$B,0))),"C"))} -> C | F45: 2
A46: Ferramentaria | B46: 1001660 | C46: LANTERNA PARA CABEÇA | D46: PÇ | E46: {=IFERROR(IF(INDEX('de para abc'!$C:$C,MATCH($B46,'de para abc'!$A:$A,0))=0,"C",INDEX('de para abc'!$C:$C,MATCH($B46,'de para abc'!$A:$A,0))),IFERROR(IF(INDEX('de para abc'!$C:$C,MATCH($C46,'de para abc'!$B:$B,0))=0,"C",INDEX('de para abc'!$C:$C,MATCH($C46,'de para abc'!$B:$B,0))),"C"))} -> B | F46: 1
A47: Ferramentaria | B47: 1002058 | C47: LENÇO UMIDECIDO COM ALCOOL PARA LIMPEZA | D47: UN | E47: {=IFERROR(IF(INDEX('de para abc'!$C:$C,MATCH($B47,'de para abc'!$A:$A,0))=0,"C",INDEX('de para abc'!$C:$C,MATCH($B47,'de para abc'!$A:$A,0))),IFERROR(IF(INDEX('de para abc'!$C:$C,MATCH($C47,'de para abc'!$B:$B,0))=0,"C",INDEX('de para abc'!$C:$C,MATCH($C47,'de para abc'!$B:$B,0))),"C"))} -> B | F47: 500
A48: Ferramentaria | B48: 1000348 | C48: MARTELO UNHA | D48: PÇ | E48: {=IFERROR(IF(INDEX('de para abc'!$C:$C,MATCH($B48,'de para abc'!$A:$A,0))=0,"C",INDEX('de para abc'!$C:$C,MATCH($B48,'de para abc'!$A:$A,0))),IFERROR(IF(INDEX('de para abc'!$C:$C,MATCH($C48,'de para abc'!$B:$B,0))=0,"C",INDEX('de para abc'!$C:$C,MATCH($C48,'de para abc'!$B:$B,0))),"C"))} -> A | F48: 1
A49: Ferramentaria | B49: 1000363 | C49: MULTIMETRO DIGITAL | D49: PÇ | E49: {=IFERROR(IF(INDEX('de para abc'!$C:$C,MATCH($B49,'de para abc'!$A:$A,0))=0,"C",INDEX('de para abc'!$C:$C,MATCH($B49,'de para abc'!$A:$A,0))),IFERROR(IF(INDEX('de para abc'!$C:$C,MATCH($C49,'de para abc'!$B:$B,0))=0,"C",INDEX('de para abc'!$C:$C,MATCH($C49,'de para abc'!$B:$B,0))),"C"))} -> A | F49: 5
A50: Ferramentaria | B50: {=IFERROR(INDEX('de para codigo'!$A:$A,MATCH($C50,'de para codigo'!$B:$B,0)),"N/D")} -> N/D | C50: OCULOS INCOLOR | D50: UN | E50: {=IFERROR(IF(INDEX('de para abc'!$C:$C,MATCH($B50,'de para abc'!$A:$A,0))=0,"C",INDEX('de para abc'!$C:$C,MATCH($B50,'de para abc'!$A:$A,0))),IFERROR(IF(INDEX('de para abc'!$C:$C,MATCH($C50,'de para abc'!$B:$B,0))=0,"C",INDEX('de para abc'!$C:$C,MATCH($C50,'de para abc'!$B:$B,0))),"C"))} -> C | F50: 2
A51: Ferramentaria | B51: {=IFERROR(INDEX('de para codigo'!$A:$A,MATCH($C51,'de para codigo'!$B:$B,0)),"N/D")} -> N/D | C51: OCULOS PRETO | D51: UN | E51: {=IFERROR(IF(INDEX('de para abc'!$C:$C,MATCH($B51,'de para abc'!$A:$A,0))=0,"C",INDEX('de para abc'!$C:$C,MATCH($B51,'de para abc'!$A:$A,0))),IFERROR(IF(INDEX('de para abc'!$C:$C,MATCH($C51,'de para abc'!$B:$B,0))=0,"C",INDEX('de para abc'!$C:$C,MATCH($C51,'de para abc'!$B:$B,0))),"C"))} -> C | F51: 2
A52: Ferramentaria | B52: 1001736 | C52: ORGANIZADOR GRANDE | D52: UN | E52: {=IFERROR(IF(INDEX('de para abc'!$C:$C,MATCH($B52,'de para abc'!$A:$A,0))=0,"C",INDEX('de para abc'!$C:$C,MATCH($B52,'de para abc'!$A:$A,0))),IFERROR(IF(INDEX('de para abc'!$C:$C,MATCH($C52,'de para abc'!$B:$B,0))=0,"C",INDEX('de para abc'!$C:$C,MATCH($C52,'de para abc'!$B:$B,0))),"C"))} -> A | F52: 3
A53: Ferramentaria | B53: {=IFERROR(INDEX('de para codigo'!$A:$A,MATCH($C53,'de para codigo'!$B:$B,0)),"N/D")} -> N/D | C53: POWER METER | D53: UN | E53: {=IFERROR(IF(INDEX('de para abc'!$C:$C,MATCH($B53,'de para abc'!$A:$A,0))=0,"C",INDEX('de para abc'!$C:$C,MATCH($B53,'de para abc'!$A:$A,0))),IFERROR(IF(INDEX('de para abc'!$C:$C,MATCH($C53,'de para abc'!$B:$B,0))=0,"C",INDEX('de para abc'!$C:$C,MATCH($C53,'de para abc'!$B:$B,0))),"C"))} -> C | F53: 1
A54: Ferramentaria | B54: 1001669 | C54: RECIPIENTE PARA ALCOOL | D54: UN | E54: {=IFERROR(IF(INDEX('de para abc'!$C:$C,MATCH($B54,'de para abc'!$A:$A,0))=0,"C",INDEX('de para abc'!$C:$C,MATCH($B54,'de para abc'!$A:$A,0))),IFERROR(IF(INDEX('de para abc'!$C:$C,MATCH($C54,'de para abc'!$B:$B,0))=0,"C",INDEX('de para abc'!$C:$C,MATCH($C54,'de para abc'!$B:$B,0))),"C"))} -> A | F54: 2
A55: Ferramentaria | B55: 1001476 | C55: TESTADOR DE CABO DE REDE LAN (ETHER... | D55: UN | E55: {=IFERROR(IF(INDEX('de para abc'!$C:$C,MATCH($B55,'de para abc'!$A:$A,0))=0,"C",INDEX('de para abc'!$C:$C,MATCH($B55,'de para abc'!$A:$A,0))),IFERROR(IF(INDEX('de para abc'!$C:$C,MATCH($C55,'de para abc'!$B:$B,0))=0,"C",INDEX('de para abc'!$C:$C,MATCH($C55,'de para abc'!$B:$B,0))),"C"))} -> A | F55: 7
A56: SSO | B56: {=IFERROR(INDEX('de para codigo'!$A:$A,MATCH($C56,'de para codigo'!$B:$B,0)),"N/D")} -> N/D | C56: ANEL DE ANCORAGEM - 2 M | D56: UN | E56: {=IFERROR(IF(INDEX('de para abc'!$C:$C,MATCH($B56,'de para abc'!$A:$A,0))=0,"C",INDEX('de para abc'!$C:$C,MATCH($B56,'de para abc'!$A:$A,0))),IFERROR(IF(INDEX('de para abc'!$C:$C,MATCH($C56,'de para abc'!$B:$B,0))=0,"C",INDEX('de para abc'!$C:$C,MATCH($C56,'de para abc'!$B:$B,0))),"C"))} -> C | F56: 3
A57: SSO | B57: {=IFERROR(INDEX('de para codigo'!$A:$A,MATCH($C57,'de para codigo'!$B:$B,0)),"N/D")} -> N/D | C57: ANEL DE ANCORAGEM - 1,5 M | D57: UN | E57: {=IFERROR(IF(INDEX('de para abc'!$C:$C,MATCH($B57,'de para abc'!$A:$A,0))=0,"C",INDEX('de para abc'!$C:$C,MATCH($B57,'de para abc'!$A:$A,0))),IFERROR(IF(INDEX('de para abc'!$C:$C,MATCH($C57,'de para abc'!$B:$B,0))=0,"C",INDEX('de para abc'!$C:$C,MATCH($C57,'de para abc'!$B:$B,0))),"C"))} -> C | F57: 6
A58: SSO | B58: 1002152 | C58: BERMUDA EM BRIM COM LOGO FFA - P | D58: UN | E58: {=IFERROR(IF(INDEX('de para abc'!$C:$C,MATCH($B58,'de para abc'!$A:$A,0))=0,"C",INDEX('de para abc'!$C:$C,MATCH($B58,'de para abc'!$A:$A,0))),IFERROR(IF(INDEX('de para abc'!$C:$C,MATCH($C58,'de para abc'!$B:$B,0))=0,"C",INDEX('de para abc'!$C:$C,MATCH($C58,'de para abc'!$B:$B,0))),"C"))} -> C | F58: 0
A59: SSO | B59: 1002190 | C59: BERMUDA JEANS COM LOGO FFA TAM 38 | D59: UN | E59: {=IFERROR(IF(INDEX('de para abc'!$C:$C,MATCH($B59,'de para abc'!$A:$A,0))=0,"C",INDEX('de para abc'!$C:$C,MATCH($B59,'de para abc'!$A:$A,0))),IFERROR(IF(INDEX('de para abc'!$C:$C,MATCH($C59,'de para abc'!$B:$B,0))=0,"C",INDEX('de para abc'!$C:$C,MATCH($C59,'de para abc'!$B:$B,0))),"C"))} -> C | F59: 0
A60: SSO | B60: 1002191 | C60: BERMUDA JEANS COM LOGO FFA TAM 40 | D60: UN | E60: {=IFERROR(IF(INDEX('de para abc'!$C:$C,MATCH($B60,'de para abc'!$A:$A,0))=0,"C",INDEX('de para abc'!$C:$C,MATCH($B60,'de para abc'!$A:$A,0))),IFERROR(IF(INDEX('de para abc'!$C:$C,MATCH($C60,'de para abc'!$B:$B,0))=0,"C",INDEX('de para abc'!$C:$C,MATCH($C60,'de para abc'!$B:$B,0))),"C"))} -> C | F60: 0
A61: SSO | B61: 1002192 | C61: BERMUDA JEANS COM LOGO FFA TAM 42 | D61: UN | E61: {=IFERROR(IF(INDEX('de para abc'!$C:$C,MATCH($B61,'de para abc'!$A:$A,0))=0,"C",INDEX('de para abc'!$C:$C,MATCH($B61,'de para abc'!$A:$A,0))),IFERROR(IF(INDEX('de para abc'!$C:$C,MATCH($C61,'de para abc'!$B:$B,0))=0,"C",INDEX('de para abc'!$C:$C,MATCH($C61,'de para abc'!$B:$B,0))),"C"))} -> C | F61: 0
A62: SSO | B62: 1002194 | C62: BERMUDA JEANS COM LOGO FFA TAM 46 | D62: UN | E62: {=IFERROR(IF(INDEX('de para abc'!$C:$C,MATCH($B62,'de para abc'!$A:$A,0))=0,"C",INDEX('de para abc'!$C:$C,MATCH($B62,'de para abc'!$A:$A,0))),IFERROR(IF(INDEX('de para abc'!$C:$C,MATCH($C62,'de para abc'!$B:$B,0))=0,"C",INDEX('de para abc'!$C:$C,MATCH($C62,'de para abc'!$B:$B,0))),"C"))} -> C | F62: 0
A63: SSO | B63: 1002364 | C63: BERMUDA JEANS COM LOGO FFA TAM. 48 | D63: UN | E63: {=IFERROR(IF(INDEX('de para abc'!$C:$C,MATCH($B63,'de para abc'!$A:$A,0))=0,"C",INDEX('de para abc'!$C:$C,MATCH($B63,'de para abc'!$A:$A,0))),IFERROR(IF(INDEX('de para abc'!$C:$C,MATCH($C63,'de para abc'!$B:$B,0))=0,"C",INDEX('de para abc'!$C:$C,MATCH($C63,'de para abc'!$B:$B,0))),"C"))} -> C | F63: 0
A64: SSO | B64: 1002365 | C64: BERMUDA JEANS COM LOGO FFA TAM. 52 | D64: UN | E64: {=IFERROR(IF(INDEX('de para abc'!$C:$C,MATCH($B64,'de para abc'!$A:$A,0))=0,"C",INDEX('de para abc'!$C:$C,MATCH($B64,'de para abc'!$A:$A,0))),IFERROR(IF(INDEX('de para abc'!$C:$C,MATCH($C64,'de para abc'!$B:$B,0))=0,"C",INDEX('de para abc'!$C:$C,MATCH($C64,'de para abc'!$B:$B,0))),"C"))} -> C | F64: 0
A65: SSO | B65: {=IFERROR(INDEX('de para codigo'!$A:$A,MATCH($C65,'de para codigo'!$B:$B,0)),"N/D")} -> N/D | C65: BANDEROLA | D65: UN | E65: {=IFERROR(IF(INDEX('de para abc'!$C:$C,MATCH($B65,'de para abc'!$A:$A,0))=0,"C",INDEX('de para abc'!$C:$C,MATCH($B65,'de para abc'!$A:$A,0))),IFERROR(IF(INDEX('de para abc'!$C:$C,MATCH($C65,'de para abc'!$B:$B,0))=0,"C",INDEX('de para abc'!$C:$C,MATCH($C65,'de para abc'!$B:$B,0))),"C"))} -> C | F65: 6
A66: SSO | B66: {=IFERROR(INDEX('de para codigo'!$A:$A,MATCH($C66,'de para codigo'!$B:$B,0)),"N/D")} -> N/D | C66: BOLSA DE LONA | D66: UN | E66: {=IFERROR(IF(INDEX('de para abc'!$C:$C,MATCH($B66,'de para abc'!$A:$A,0))=0,"C",INDEX('de para abc'!$C:$C,MATCH($B66,'de para abc'!$A:$A,0))),IFERROR(IF(INDEX('de para abc'!$C:$C,MATCH($C66,'de para abc'!$B:$B,0))=0,"C",INDEX('de para abc'!$C:$C,MATCH($C66,'de para abc'!$B:$B,0))),"C"))} -> A | F66: 1
A67: SSO | B67: 1001864 | C67: BOLSA DE LONA LINHA DE VIDA | D67: UN | E67: {=IFERROR(IF(INDEX('de para abc'!$C:$C,MATCH($B67,'de para abc'!$A:$A,0))=0,"C",INDEX('de para abc'!$C:$C,MATCH($B67,'de para abc'!$A:$A,0))),IFERROR(IF(INDEX('de para abc'!$C:$C,MATCH($C67,'de para abc'!$B:$B,0))=0,"C",INDEX('de para abc'!$C:$C,MATCH($C67,'de para abc'!$B:$B,0))),"C"))} -> C | F67: 4
A68: SSO | B68: 1001522 | C68: BOTA BORRACHA PVC 39 | D68: UN | E68: {=IFERROR(IF(INDEX('de para abc'!$C:$C,MATCH($B68,'de para abc'!$A:$A,0))=0,"C",INDEX('de para abc'!$C:$C,MATCH($B68,'de para abc'!$A:$A,0))),IFERROR(IF(INDEX('de para abc'!$C:$C,MATCH($C68,'de para abc'!$B:$B,0))=0,"C",INDEX('de para abc'!$C:$C,MATCH($C68,'de para abc'!$B:$B,0))),"C"))} -> C | F68: 0
A69: SSO | B69: 1001524 | C69: BOTA BORRACHA PVC 41 | D69: UN | E69: {=IFERROR(IF(INDEX('de para abc'!$C:$C,MATCH($B69,'de para abc'!$A:$A,0))=0,"C",INDEX('de para abc'!$C:$C,MATCH($B69,'de para abc'!$A:$A,0))),IFERROR(IF(INDEX('de para abc'!$C:$C,MATCH($C69,'de para abc'!$B:$B,0))=0,"C",INDEX('de para abc'!$C:$C,MATCH($C69,'de para abc'!$B:$B,0))),"C"))} -> C | F69: 0
A70: SSO | B70: 1001525 | C70: BOTA BORRACHA PVC 42 | D70: UN | E70: {=IFERROR(IF(INDEX('de para abc'!$C:$C,MATCH($B70,'de para abc'!$A:$A,0))=0,"C",INDEX('de para abc'!$C:$C,MATCH($B70,'de para abc'!$A:$A,0))),IFERROR(IF(INDEX('de para abc'!$C:$C,MATCH($C70,'de para abc'!$B:$B,0))=0,"C",INDEX('de para abc'!$C:$C,MATCH($C70,'de para abc'!$B:$B,0))),"C"))} -> C | F70: 0
A71: SSO | B71: 1001527 | C71: BOTA BORRACHA PVC 44 | D71: UN | E71: {=IFERROR(IF(INDEX('de para abc'!$C:$C,MATCH($B71,'de para abc'!$A:$A,0))=0,"C",INDEX('de para abc'!$C:$C,MATCH($B71,'de para abc'!$A:$A,0))),IFERROR(IF(INDEX('de para abc'!$C:$C,MATCH($C71,'de para abc'!$B:$B,0))=0,"C",INDEX('de para abc'!$C:$C,MATCH($C71,'de para abc'!$B:$B,0))),"C"))} -> C | F71: 0
A72: SSO | B72: 1001529 | C72: BOTA BORRACHA PVC 46 | D72: UN | E72: {=IFERROR(IF(INDEX('de para abc'!$C:$C,MATCH($B72,'de para abc'!$A:$A,0))=0,"C",INDEX('de para abc'!$C:$C,MATCH($B72,'de para abc'!$A:$A,0))),IFERROR(IF(INDEX('de para abc'!$C:$C,MATCH($C72,'de para abc'!$B:$B,0))=0,"C",INDEX('de para abc'!$C:$C,MATCH($C72,'de para abc'!$B:$B,0))),"C"))} -> C | F72: 0
A73: SSO | B73: 1001248 | C73: BOTA DE COURO SEM CADARÇO TAM. 36 | D73: PAR | E73: {=IFERROR(IF(INDEX('de para abc'!$C:$C,MATCH($B73,'de para abc'!$A:$A,0))=0,"C",INDEX('de para abc'!$C:$C,MATCH($B73,'de para abc'!$A:$A,0))),IFERROR(IF(INDEX('de para abc'!$C:$C,MATCH($C73,'de para abc'!$B:$B,0))=0,"C",INDEX('de para abc'!$C:$C,MATCH($C73,'de para abc'!$B:$B,0))),"C"))} -> C | F73: 0
A74: SSO | B74: 1001249 | C74: BOTA DE COURO SEM CADARÇO TAM. 37 | D74: PAR | E74: {=IFERROR(IF(INDEX('de para abc'!$C:$C,MATCH($B74,'de para abc'!$A:$A,0))=0,"C",INDEX('de para abc'!$C:$C,MATCH($B74,'de para abc'!$A:$A,0))),IFERROR(IF(INDEX('de para abc'!$C:$C,MATCH($C74,'de para abc'!$B:$B,0))=0,"C",INDEX('de para abc'!$C:$C,MATCH($C74,'de para abc'!$B:$B,0))),"C"))} -> C | F74: 0
A75: SSO | B75: 1000068 | C75: BOTA DE COURO SEM CADARÇO TAM. 38 | D75: PAR | E75: {=IFERROR(IF(INDEX('de para abc'!$C:$C,MATCH($B75,'de para abc'!$A:$A,0))=0,"C",INDEX('de para abc'!$C:$C,MATCH($B75,'de para abc'!$A:$A,0))),IFERROR(IF(INDEX('de para abc'!$C:$C,MATCH($C75,'de para abc'!$B:$B,0))=0,"C",INDEX('de para abc'!$C:$C,MATCH($C75,'de para abc'!$B:$B,0))),"C"))} -> C | F75: 0
A76: SSO | B76: 1000069 | C76: BOTA DE COURO SEM CADARÇO TAM. 39 | D76: PAR | E76: {=IFERROR(IF(INDEX('de para abc'!$C:$C,MATCH($B76,'de para abc'!$A:$A,0))=0,"C",INDEX('de para abc'!$C:$C,MATCH($B76,'de para abc'!$A:$A,0))),IFERROR(IF(INDEX('de para abc'!$C:$C,MATCH($C76,'de para abc'!$B:$B,0))=0,"C",INDEX('de para abc'!$C:$C,MATCH($C76,'de para abc'!$B:$B,0))),"C"))} -> C | F76: 0
A77: SSO | B77: 1000070 | C77: BOTA DE COURO SEM CADARÇO TAM. 40 | D77: PAR | E77: {=IFERROR(IF(INDEX('de para abc'!$C:$C,MATCH($B77,'de para abc'!$A:$A,0))=0,"C",INDEX('de para abc'!$C:$C,MATCH($B77,'de para abc'!$A:$A,0))),IFERROR(IF(INDEX('de para abc'!$C:$C,MATCH($C77,'de para abc'!$B:$B,0))=0,"C",INDEX('de para abc'!$C:$C,MATCH($C77,'de para abc'!$B:$B,0))),"C"))} -> C | F77: 1
A78: SSO | B78: 1000071 | C78: BOTA DE COURO SEM CADARÇO TAM. 41 | D78: PAR | E78: {=IFERROR(IF(INDEX('de para abc'!$C:$C,MATCH($B78,'de para abc'!$A:$A,0))=0,"C",INDEX('de para abc'!$C:$C,MATCH($B78,'de para abc'!$A:$A,0))),IFERROR(IF(INDEX('de para abc'!$C:$C,MATCH($C78,'de para abc'!$B:$B,0))=0,"C",INDEX('de para abc'!$C:$C,MATCH($C78,'de para abc'!$B:$B,0))),"C"))} -> C | F78: 2
... A163: SSO | B163: 1001854 | C163: CORDA TRANC 12 MM LVM 20M | D163: PÇ | E163: {=IFERROR(IF(INDEX('de para abc'!$C:$C,MATCH($B163,'de para abc'!$A:$A,0))=0,"C",INDEX('de para abc'!$C:$C,MATCH($B163,'de para abc'!$A:$A,0))),IFERROR(IF(INDEX('de para abc'!$C:$C,MATCH($C163,'de para abc'!$B:$B,0))=0,"C",INDEX('de para abc'!$C:$C,MATCH($C163,'de para abc'!$B:$B,0))),"C"))} -> C | F163: 0
A164: SSO | B164: {=IFERROR(INDEX('de para codigo'!$A:$A,MATCH($C164,'de para codigo'!$B:$B,0)),"N/D")} -> N/D | C164: CORRENTE P/ ESCADA | D164: UN | E164: {=IFERROR(IF(INDEX('de para abc'!$C:$C,MATCH($B164,'de para abc'!$A:$A,0))=0,"C",INDEX('de para abc'!$C:$C,MATCH($B164,'de para abc'!$A:$A,0))),IFERROR(IF(INDEX('de para abc'!$C:$C,MATCH($C164,'de para abc'!$B:$B,0))=0,"C",INDEX('de para abc'!$C:$C,MATCH($C164,'de para abc'!$B:$B,0))),"C"))} -> C | F164: 4
A165: SSO | B165: 1006134 | C165: FAIXA REFLETIVA 5 X 30 CM - SHERMA... | D165: UN | E165: {=IFERROR(IF(INDEX('de para abc'!$C:$C,MATCH($B165,'de para abc'!$A:$A,0))=0,"C",INDEX('de para abc'!$C:$C,MATCH($B165,'de para abc'!$A:$A,0))),IFERROR(IF(INDEX('de para abc'!$C:$C,MATCH($C165,'de para abc'!$B:$B,0))=0,"C",INDEX('de para abc'!$C:$C,MATCH($C165,'de para abc'!$B:$B,0))),"C"))} -> C | F165: 0
A166: SSO | B166: {=IFERROR(INDEX('de para codigo'!$A:$A,MATCH($C166,'de para codigo'!$B:$B,0)),"N/D")} -> N/D | C166: FITA CATRACA LINHA DE VIDA | D166: UN | E166: {=IFERROR(IF(INDEX('de para abc'!$C:$C,MATCH($B166,'de para abc'!$A:$A,0))=0,"C",INDEX('de para abc'!$C:$C,MATCH($B166,'de para abc'!$A:$A,0))),IFERROR(IF(INDEX('de para abc'!$C:$C,MATCH($C166,'de para abc'!$B:$B,0))=0,"C",INDEX('de para abc'!$C:$C,MATCH($C166,'de para abc'!$B:$B,0))),"C"))} -> C | F166: 3
A167: SSO | B167: 1001855 | C167: FITA ANCORAGEM P/ESCADA C/ABS | D167: UN | E167: {=IFERROR(IF(INDEX('de para abc'!$C:$C,MATCH($B167,'de para abc'!$A:$A,0))=0,"C",INDEX('de para abc'!$C:$C,MATCH($B167,'de para abc'!$A:$A,0))),IFERROR(IF(INDEX('de para abc'!$C:$C,MATCH($C167,'de para abc'!$B:$B,0))=0,"C",INDEX('de para abc'!$C:$C,MATCH($C167,'de para abc'!$B:$B,0))),"C"))} -> C | F167: 4
A168: SSO | B168: 1002378 | C168: FREIO ABS KIT LINHA DE VIDA | D168: UN | E168: {=IFERROR(IF(INDEX('de para abc'!$C:$C,MATCH($B168,'de para abc'!$A:$A,0))=0,"C",INDEX('de para abc'!$C:$C,MATCH($B168,'de para abc'!$A:$A,0))),IFERROR(IF(INDEX('de para abc'!$C:$C,MATCH($C168,'de para abc'!$B:$B,0))=0,"C",INDEX('de para abc'!$C:$C,MATCH($C168,'de para abc'!$B:$B,0))),"C"))} -> C | F168: 3
A169: SSO | B169: 1006179 | C169: FREIO ABS PARA LINHA DE VIDA | D169: UN | E169: {=IFERROR(IF(INDEX('de para abc'!$C:$C,MATCH($B169,'de para abc'!$A:$A,0))=0,"C",INDEX('de para abc'!$C:$C,MATCH($B169,'de para abc'!$A:$A,0))),IFERROR(IF(INDEX('de para abc'!$C:$C,MATCH($C169,'de para abc'!$B:$B,0))=0,"C",INDEX('de para abc'!$C:$C,MATCH($C169,'de para abc'!$B:$B,0))),"C"))} -> C | F169: 0
A170: SSO | B170: 1001926 | C170: JAQUETA CLARO COM CAPUZ - EXG | D170: UN | E170: {=IFERROR(IF(INDEX('de para abc'!$C:$C,MATCH($B170,'de para abc'!$A:$A,0))=0,"C",INDEX('de para abc'!$C:$C,MATCH($B170,'de para abc'!$A:$A,0))),IFERROR(IF(INDEX('de para abc'!$C:$C,MATCH($C170,'de para abc'!$B:$B,0))=0,"C",INDEX('de para abc'!$C:$C,MATCH($C170,'de para abc'!$B:$B,0))),"C"))} -> C | F170: 0
A171: SSO | B171: 1001923 | C171: JAQUETA CLARO COM CAPUZ - G | D171: UN | E171: {=IFERROR(IF(INDEX('de para abc'!$C:$C,MATCH($B171,'de para abc'!$A:$A,0))=0,"C",INDEX('de para abc'!$C:$C,MATCH($B171,'de para abc'!$A:$A,0))),IFERROR(IF(INDEX('de para abc'!$C:$C,MATCH($C171,'de para abc'!$B:$B,0))=0,"C",INDEX('de para abc'!$C:$C,MATCH($C171,'de para abc'!$B:$B,0))),"C"))} -> C | F171: 0
A172: SSO | B172: 1001924 | C172: JAQUETA CLARO COM CAPUZ - GG | D172: UN | E172: {=IFERROR(IF(INDEX('de para abc'!$C:$C,MATCH($B172,'de para abc'!$A:$A,0))=0,"C",INDEX('de para abc'!$C:$C,MATCH($B172,'de para abc'!$A:$A,0))),IFERROR(IF(INDEX('de para abc'!$C:$C,MATCH($C172,'de para abc'!$B:$B,0))=0,"C",INDEX('de para abc'!$C:$C,MATCH($C172,'de para abc'!$B:$B,0))),"C"))} -> C | F172: 0
A173: SSO | B173: 1001925 | C173: JAQUETA CLARO COM CAPUZ - XG | D173: UN | E173: {=IFERROR(IF(INDEX('de para abc'!$C:$C,MATCH($B173,'de para abc'!$A:$A,0))=0,"C",INDEX('de para abc'!$C:$C,MATCH($B173,'de para abc'!$A:$A,0))),IFERROR(IF(INDEX('de para abc'!$C:$C,MATCH($C173,'de para abc'!$B:$B,0))=0,"C",INDEX('de para abc'!$C:$C,MATCH($C173,'de para abc'!$B:$B,0))),"C"))} -> C | F173: 0
A174: SSO | B174: 1002238 | C174: JAQUETA IHS - EXG | D174: UN | E174: {=IFERROR(IF(INDEX('de para abc'!$C:$C,MATCH($B174,'de para abc'!$A:$A,0))=0,"C",INDEX('de para abc'!$C:$C,MATCH($B174,'de para abc'!$A:$A,0))),IFERROR(IF(INDEX('de para abc'!$C:$C,MATCH($C174,'de para abc'!$B:$B,0))=0,"C",INDEX('de para abc'!$C:$C,MATCH($C174,'de para abc'!$B:$B,0))),"C"))} -> C | F174: 0
A175: SSO | B175: 1002239 | C175: JAQUETA IHS - EXG1 | D175: UN | E175: {=IFERROR(IF(INDEX('de para abc'!$C:$C,MATCH($B175,'de para abc'!$A:$A,0))=0,"C",INDEX('de para abc'!$C:$C,MATCH($B175,'de para abc'!$A:$A,0))),IFERROR(IF(INDEX('de para abc'!$C:$C,MATCH($C175,'de para abc'!$B:$B,0))=0,"C",INDEX('de para abc'!$C:$C,MATCH($C175,'de para abc'!$B:$B,0))),"C"))} -> C | F175: 0
A176: SSO | B176: 1002236 | C176: JAQUETA IHS - G | D176: UN | E176: {=IFERROR(IF(INDEX('de para abc'!$C:$C,MATCH($B176,'de para abc'!$A:$A,0))=0,"C",INDEX('de para abc'!$C:$C,MATCH($B176,'de para abc'!$A:$A,0))),IFERROR(IF(INDEX('de para abc'!$C:$C,MATCH($C176,'de para abc'!$B:$B,0))=0,"C",INDEX('de para abc'!$C:$C,MATCH($C176,'de para abc'!$B:$B,0))),"C"))} -> C | F176: 0
A177: SSO | B177: 1002237 | C177: JAQUETA IHS - GG | D177: UN | E177: {=IFERROR(IF(INDEX('de para abc'!$C:$C,MATCH($B177,'de para abc'!$A:$A,0))=0,"C",INDEX('de para abc'!$C:$C,MATCH($B177,'de para abc'!$A:$A,0))),IFERROR(IF(INDEX('de para abc'!$C:$C,MATCH($C177,'de para abc'!$B:$B,0))=0,"C",INDEX('de para abc'!$C:$C,MATCH($C177,'de para abc'!$B:$B,0))),"C"))} -> C | F177: 0
A178: SSO | B178: 1000305 | C178: JUGULAR P/CAPACETE | D178: PÇ | E178: {=IFERROR(IF(INDEX('de para abc'!$C:$C,MATCH($B178,'de para abc'!$A:$A,0))=0,"C",INDEX('de para abc'!$C:$C,MATCH($B178,'de para abc'!$A:$A,0))),IFERROR(IF(INDEX('de para abc'!$C:$C,MATCH($C178,'de para abc'!$B:$B,0))=0,"C",INDEX('de para abc'!$C:$C,MATCH($C178,'de para abc'!$B:$B,0))),"C"))} -> C | F178: 0
... A203: SSO | B203: 1000995 | C203: TALABARTE DE POSICIONAMENTO REGULÁV... | D203: UND | E203: {=IFERROR(IF(INDEX('de para abc'!$C:$C,MATCH($B203,'de para abc'!$A:$A,0))=0,"C",INDEX('de para abc'!$C:$C,MATCH($B203,'de para abc'!$A:$A,0))),IFERROR(IF(INDEX('de para abc'!$C:$C,MATCH($C203,'de para abc'!$B:$B,0))=0,"C",INDEX('de para abc'!$C:$C,MATCH($C203,'de para abc'!$B:$B,0))),"C"))} -> C | F203: 2
A204: SSO | B204: {=IFERROR(INDEX('de para codigo'!$A:$A,MATCH($C204,'de para codigo'!$B:$B,0)),"N/D")} -> N/D | C204: TRAVA QUEDAS DESLIZANTE | D204: UN | E204: {=IFERROR(IF(INDEX('de para abc'!$C:$C,MATCH($B204,'de para abc'!$A:$A,0))=0,"C",INDEX('de para abc'!$C:$C,MATCH($B204,'de para abc'!$A:$A,0))),IFERROR(IF(INDEX('de para abc'!$C:$C,MATCH($C204,'de para abc'!$B:$B,0))=0,"C",INDEX('de para abc'!$C:$C,MATCH($C204,'de para abc'!$B:$B,0))),"C"))} -> C | F204: 3
A205: TOTAL GERAL | F205: =SUM(F5:F204) -> 750

Sheet NITEROI
A1: CONSOLIDADO DE ESTOQUE — NITEROI
A2: Itens da unidade Niterói. Classe (A/B/C) e código buscados nas abas 'de para abc' e 'de para codigo'.
A4: Categoria | B4: Código | C4: Descrição | D4: Unidade | E4: Classe (A/B/C) | F4: Quantidade | H4: Categoria | I4: Itens | J4: Quantidade
A5: FERRAMENTARIA | B5: 1000036 | C5: ALICATE DE PRESSÃO RG6 | D5: UN | E5: {=IFERROR(IF(INDEX('de para abc'!$C:$C,MATCH($B5,'de para abc'!$A:$A,0))=0,"C",INDEX('de para abc'!$C:$C,MATCH($B5,'de para abc'!$A:$A,0))),IFERROR(IF(INDEX('de para abc'!$C:$C,MATCH($C5,'de para abc'!$B:$B,0))=0,"C",INDEX('de para abc'!$C:$C,MATCH($C5,'de para abc'!$B:$B,0))),"C"))} -> B | F5: 0 | H5: FERRAMENTARIA | I5: =COUNTIF($A$5:$A1003, H5) -> 68 | J5: =SUMIF($A$5:$A1003, H5, $F$5:$F1003) -> 545
A6: FERRAMENTARIA | B6: 1000039 | C6: ALICATE UNIVERSAL | D6: UN | E6: {=IFERROR(IF(INDEX('de para abc'!$C:$C,MATCH($B6,'de para abc'!$A:$A,0))=0,"C",INDEX('de para abc'!$C:$C,MATCH($B6,'de para abc'!$A:$A,0))),IFERROR(IF(INDEX('de para abc'!$C:$C,MATCH($C6,'de para abc'!$B:$B,0))=0,"C",INDEX('de para abc'!$C:$C,MATCH($C6,'de para abc'!$B:$B,0))),"C"))} -> A | F6: 11 | H6: SSO | I6: =COUNTIF($A$5:$A1004, H6) -> 19 | J6: =SUMIF($A$5:$A1004, H6, $F$5:$F1004) -> 188
A7: FERRAMENTARIA | B7: 1000033 | C7: ALICATE CORTE | D7: UN | E7: {=IFERROR(IF(INDEX('de para abc'!$C:$C,MATCH($B7,'de para abc'!$A:$A,0))=0,"C",INDEX('de para abc'!$C:$C,MATCH($B7,'de para abc'!$A:$A,0))),IFERROR(IF(INDEX('de para abc'!$C:$C,MATCH($C7,'de para abc'!$B:$B,0))=0,"C",INDEX('de para abc'!$C:$C,MATCH($C7,'de para abc'!$B:$B,0))),"C"))} -> A | F7: 3
A8: FERRAMENTARIA | B8: 1000032 | C8: ALICATE BICO | D8: UN | E8: {=IFERROR(IF(INDEX('de para abc'!$C:$C,MATCH($B8,'de para abc'!$A:$A,0))=0,"C",INDEX('de para abc'!$C:$C,MATCH($B8,'de para abc'!$A:$A,0))),IFERROR(IF(INDEX('de para abc'!$C:$C,MATCH($C8,'de para abc'!$B:$B,0))=0,"C",INDEX('de para abc'!$C:$C,MATCH($C8,'de para abc'!$B:$B,0))),"C"))} -> A | F8: 5
A9: FERRAMENTARIA | B9: 1001306 | C9: ALICATE RJ11/45 | D9: UN | E9: {=IFERROR(IF(INDEX('de para abc'!$C:$C,MATCH($B9,'de para abc'!$A:$A,0))=0,"C",INDEX('de para abc'!$C:$C,MATCH($B9,'de para abc'!$A:$A,0))),IFERROR(IF(INDEX('de para abc'!$C:$C,MATCH($C9,'de para abc'!$B:$B,0))=0,"C",INDEX('de para abc'!$C:$C,MATCH($C9,'de para abc'!$B:$B,0))),"C"))} -> A | F9: 18
A10: FERRAMENTARIA | B10: 1000481 | C10: DECAPADOR DE CABOS | D10: UN | E10: {=IFERROR(IF(INDEX('de para abc'!$C:$C,MATCH($B10,'de para abc'!$A:$A,0))=0,"C",INDEX('de para abc'!$C:$C,MATCH($B10,'de para abc'!$A:$A,0))),IFERROR(IF(INDEX('de para abc'!$C:$C,MATCH($C10,'de para abc'!$B:$B,0))=0,"C",INDEX('de para abc'!$C:$C,MATCH($C10,'de para abc'!$B:$B,0))),"C"))} -> B | F10: 13
A11: FERRAMENTARIA | B11: 1001718 | C11: DECAPADOR CANETA | D11: UN | E11: {=IFERROR(IF(INDEX('de para abc'!$C:$C,MATCH($B11,'de para abc'!$A:$A,0))=0,"C",INDEX('de para abc'!$C:$C,MATCH($B11,'de para abc'!$A:$A,0))),IFERROR(IF(INDEX('de para abc'!$C:$C,MATCH($C11,'de para abc'!$B:$B,0))=0,"C",INDEX('de para abc'!$C:$C,MATCH($C11,'de para abc'!$B:$B,0))),"C"))} -> A | F11: 10
A12: FERRAMENTARIA | B12: 1000037 | C12: ALICATE FIBRA | D12: UN | E12: {=IFERROR(IF(INDEX('de para abc'!$C:$C,MATCH($B12,'de para abc'!$A:$A,0))=0,"C",INDEX('de para abc'!$C:$C,MATCH($B12,'de para abc'!$A:$A,0))),IFERROR(IF(INDEX('de para abc'!$C:$C,MATCH($C12,'de para abc'!$B:$B,0))=0,"C",INDEX('de para abc'!$C:$C,MATCH($C12,'de para abc'!$B:$B,0))),"C"))} -> A | F12: 8
A13: FERRAMENTARIA | B13: 1001299 | C13: DECAPADOR DROP | D13: UN | E13: {=IFERROR(IF(INDEX('de para abc'!$C:$C,MATCH($B13,'de para abc'!$A:$A,0))=0,"C",INDEX('de para abc'!$C:$C,MATCH($B13,'de para abc'!$A:$A,0))),IFERROR(IF(INDEX('de para abc'!$C:$C,MATCH($C13,'de para abc'!$B:$B,0))=0,"C",INDEX('de para abc'!$C:$C,MATCH($C13,'de para abc'!$B:$B,0))),"C"))} -> A | F13: 10
A14: FERRAMENTARIA | B14: 1000198 | C14: PHILIPS PEQUENA | D14: UN | E14: {=IFERROR(IF(INDEX('de para abc'!$C:$C,MATCH($B14,'de para abc'!$A:$A,0))=0,"C",INDEX('de para abc'!$C:$C,MATCH($B14,'de para abc'!$A:$A,0))),IFERROR(IF(INDEX('de para abc'!$C:$C,MATCH($C14,'de para abc'!$B:$B,0))=0,"C",INDEX('de para abc'!$C:$C,MATCH($C14,'de para abc'!$B:$B,0))),"C"))} -> A | F14: 14
A15: FERRAMENTARIA | B15: 1000197 | C15: PHILIPS MÉDIA | D15: UN | E15: {=IFERROR(IF(INDEX('de para abc'!$C:$C,MATCH($B15,'de para abc'!$A:$A,0))=0,"C",INDEX('de para abc'!$C:$C,MATCH($B15,'de para abc'!$A:$A,0))),IFERROR(IF(INDEX('de para abc'!$C:$C,MATCH($C15,'de para abc'!$B:$B,0))=0,"C",INDEX('de para abc'!$C:$C,MATCH($C15,'de para abc'!$B:$B,0))),"C"))} -> A | F15: 26
A16: FERRAMENTARIA | B16: 1000196 | C16: PHILIPS GRANDE | D16: UN | E16: {=IFERROR(IF(INDEX('de para abc'!$C:$C,MATCH($B16,'de para abc'!$A:$A,0))=0,"C",INDEX('de para abc'!$C:$C,MATCH($B16,'de para abc'!$A:$A,0))),IFERROR(IF(INDEX('de para abc'!$C:$C,MATCH($C16,'de para abc'!$B:$B,0))=0,"C",INDEX('de para abc'!$C:$C,MATCH($C16,'de para abc'!$B:$B,0))),"C"))} -> A | F16: 24
A17: FERRAMENTARIA | B17: 1000185 | C17: FENDA PEQUENA | D17: UN | E17: {=IFERROR(IF(INDEX('de para abc'!$C:$C,MATCH($B17,'de para abc'!$A:$A,0))=0,"C",INDEX('de para abc'!$C:$C,MATCH($B17,'de para abc'!$A:$A,0))),IFERROR(IF(INDEX('de para abc'!$C:$C,MATCH($C17,'de para abc'!$B:$B,0))=0,"C",INDEX('de para abc'!$C:$C,MATCH($C17,'de para abc'!$B:$B,0))),"C"))} -> A | F17: 25
A18: FERRAMENTARIA | B18: 1000184 | C18: FENDA MÉDIA | D18: UN | E18: {=IFERROR(IF(INDEX('de para abc'!$C:$C,MATCH($B18,'de para abc'!$A:$A,0))=0,"C",INDEX('de para abc'!$C:$C,MATCH($B18,'de para abc'!$A:$A,0))),IFERROR(IF(INDEX('de para abc'!$C:$C,MATCH($C18,'de para abc'!$B:$B,0))=0,"C",INDEX('de para abc'!$C:$C,MATCH($C18,'de para abc'!$B:$B,0))),"C"))} -> A | F18: 36
... A20: FERRAMENTARIA | B20: 1001736 | C20: ORGANIZADOR | D20: UN | E20: {=IFERROR(IF(INDEX('de para abc'!$C:$C,MATCH($B20,'de para abc'!$A:$A,0))=0,"C",INDEX('de para abc'!$C:$C,MATCH($B20,'de para abc'!$A:$A,0))),IFERROR(IF(INDEX('de para abc'!$C:$C,MATCH($C20,'de para abc'!$B:$B,0))=0,"C",INDEX('de para abc'!$C:$C,MATCH($C20,'de para abc'!$B:$B,0))),"C"))} -> A | F20: 12
A21: FERRAMENTARIA | C21: BANDEROLA | D21: UN | E21: {=IFERROR(IF(INDEX('de para abc'!$C:$C,MATCH($B21,'de para abc'!$A:$A,0))=0,"C",INDEX('de para abc'!$C:$C,MATCH($B21,'de para abc'!$A:$A,0))),IFERROR(IF(INDEX('de para abc'!$C:$C,MATCH($C21,'de para abc'!$B:$B,0))=0,"C",INDEX('de para abc'!$C:$C,MATCH($C21,'de para abc'!$B:$B,0))),"C"))} -> C | F21: 4
A22: FERRAMENTARIA | C22: PASSA FIO 20 | D22: UN | E22: {=IFERROR(IF(INDEX('de para abc'!$C:$C,MATCH($B22,'de para abc'!$A:$A,0))=0,"C",INDEX('de para abc'!$C:$C,MATCH($B22,'de para abc'!$A:$A,0))),IFERROR(IF(INDEX('de para abc'!$C:$C,MATCH($C22,'de para abc'!$B:$B,0))=0,"C",INDEX('de para abc'!$C:$C,MATCH($C22,'de para abc'!$B:$B,0))),"C"))} -> C | F22: 3
A23: FERRAMENTARIA | C23: PASSA FIO 10 | D23: UN | E23: {=IFERROR(IF(INDEX('de para abc'!$C:$C,MATCH($B23,'de para abc'!$A:$A,0))=0,"C",INDEX('de para abc'!$C:$C,MATCH($B23,'de para abc'!$A:$A,0))),IFERROR(IF(INDEX('de para abc'!$C:$C,MATCH($C23,'de para abc'!$B:$B,0))=0,"C",INDEX('de para abc'!$C:$C,MATCH($C23,'de para abc'!$B:$B,0))),"C"))} -> C | F23: 1
A24: FERRAMENTARIA | B24: 1000256 | C24: EXTENSÃO | D24: UN | E24: {=IFERROR(IF(INDEX('de para abc'!$C:$C,MATCH($B24,'de para abc'!$A:$A,0))=0,"C",INDEX('de para abc'!$C:$C,MATCH($B24,'de para abc'!$A:$A,0))),IFERROR(IF(INDEX('de para abc'!$C:$C,MATCH($C24,'de para abc'!$B:$B,0))=0,"C",INDEX('de para abc'!$C:$C,MATCH($C24,'de para abc'!$B:$B,0))),"C"))} -> B | F24: 7
A25: FERRAMENTARIA | B25: 1000348 | C25: MARTELO | D25: UN | E25: {=IFERROR(IF(INDEX('de para abc'!$C:$C,MATCH($B25,'de para abc'!$A:$A,0))=0,"C",INDEX('de para abc'!$C:$C,MATCH($B25,'de para abc'!$A:$A,0))),IFERROR(IF(INDEX('de para abc'!$C:$C,MATCH($C25,'de para abc'!$B:$B,0))=0,"C",INDEX('de para abc'!$C:$C,MATCH($C25,'de para abc'!$B:$B,0))),"C"))} -> A | F25: 13
A26: FERRAMENTARIA | B26: 1001455 | C26: APLIC. COLA | D26: UN | E26: {=IFERROR(IF(INDEX('de para abc'!$C:$C,MATCH($B26,'de para abc'!$A:$A,0))=0,"C",INDEX('de para abc'!$C:$C,MATCH($B26,'de para abc'!$A:$A,0))),IFERROR(IF(INDEX('de para abc'!$C:$C,MATCH($C26,'de para abc'!$B:$B,0))=0,"C",INDEX('de para abc'!$C:$C,MATCH($C26,'de para abc'!$B:$B,0))),"C"))} -> A | F26: 11
A27: FERRAMENTARIA | C27: LANTERNA | D27: UN | E27: {=IFERROR(IF(INDEX('de para abc'!$C:$C,MATCH($B27,'de para abc'!$A:$A,0))=0,"C",INDEX('de para abc'!$C:$C,MATCH($B27,'de para abc'!$A:$A,0))),IFERROR(IF(INDEX('de para abc'!$C:$C,MATCH($C27,'de para abc'!$B:$B,0))=0,"C",INDEX('de para abc'!$C:$C,MATCH($C27,'de para abc'!$B:$B,0))),"C"))} -> A | F27: 5
A28: FERRAMENTARIA | B28: 1001660 | C28: LANTERNA CABEÇA | D28: UN | E28: {=IFERROR(IF(INDEX('de para abc'!$C:$C,MATCH($B28,'de para abc'!$A:$A,0))=0,"C",INDEX('de para abc'!$C:$C,MATCH($B28,'de para abc'!$A:$A,0))),IFERROR(IF(INDEX('de para abc'!$C:$C,MATCH($C28,'de para abc'!$B:$B,0))=0,"C",INDEX('de para abc'!$C:$C,MATCH($C28,'de para abc'!$B:$B,0))),"C"))} -> B | F28: 14
A29: FERRAMENTARIA | B29: 1001307 | C29: BOLSA GPON | D29: UN | E29: {=IFERROR(IF(INDEX('de para abc'!$C:$C,MATCH($B29,'de para abc'!$A:$A,0))=0,"C",INDEX('de para abc'!$C:$C,MATCH($B29,'de para abc'!$A:$A,0))),IFERROR(IF(INDEX('de para abc'!$C:$C,MATCH($C29,'de para abc'!$B:$B,0))=0,"C",INDEX('de para abc'!$C:$C,MATCH($C29,'de para abc'!$B:$B,0))),"C"))} -> A | F29: 5
A30: FERRAMENTARIA | B30: 1006116 | C30: CHAVE GTP | D30: UN | E30: {=IFERROR(IF(INDEX('de para abc'!$C:$C,MATCH($B30,'de para abc'!$A:$A,0))=0,"C",INDEX('de para abc'!$C:$C,MATCH($B30,'de para abc'!$A:$A,0))),IFERROR(IF(INDEX('de para abc'!$C:$C,MATCH($C30,'de para abc'!$B:$B,0))=0,"C",INDEX('de para abc'!$C:$C,MATCH($C30,'de para abc'!$B:$B,0))),"C"))} -> B | F30: 22
A31: FERRAMENTARIA | B31: 1001707 | C31: CHAVE MINI TRAP ST1 P/ RG6 | D31: UN | E31: {=IFERROR(IF(INDEX('de para abc'!$C:$C,MATCH($B31,'de para abc'!$A:$A,0))=0,"C",INDEX('de para abc'!$C:$C,MATCH($B31,'de para abc'!$A:$A,0))),IFERROR(IF(INDEX('de para abc'!$C:$C,MATCH($C31,'de para abc'!$B:$B,0))=0,"C",INDEX('de para abc'!$C:$C,MATCH($C31,'de para abc'!$B:$B,0))),"C"))} -> B | F31: 13
A32: FERRAMENTARIA | B32: 1001146 | C32: CHAVE DE ARMÁRIO | D32: UN | E32: {=IFERROR(IF(INDEX('de para abc'!$C:$C,MATCH($B32,'de para abc'!$A:$A,0))=0,"C",INDEX('de para abc'!$C:$C,MATCH($B32,'de para abc'!$A:$A,0))),IFERROR(IF(INDEX('de para abc'!$C:$C,MATCH($C32,'de para abc'!$B:$B,0))=0,"C",INDEX('de para abc'!$C:$C,MATCH($C32,'de para abc'!$B:$B,0))),"C"))} -> B | F32: 26
A33: FERRAMENTARIA | B33: 1001741 | C33: CHAVE TORQUE | D33: UN | E33: {=IFERROR(IF(INDEX('de para abc'!$C:$C,MATCH($B33,'de para abc'!$A:$A,0))=0,"C",INDEX('de para abc'!$C:$C,MATCH($B33,'de para abc'!$A:$A,0))),IFERROR(IF(INDEX('de para abc'!$C:$C,MATCH($C33,'de para abc'!$B:$B,0))=0,"C",INDEX('de para abc'!$C:$C,MATCH($C33,'de para abc'!$B:$B,0))),"C"))} -> A | F33: 5
A34: FERRAMENTARIA | C34: ESTILETE | D34: UN | E34: {=IFERROR(IF(INDEX('de para abc'!$C:$C,MATCH($B34,'de para abc'!$A:$A,0))=0,"C",INDEX('de para abc'!$C:$C,MATCH($B34,'de para abc'!$A:$A,0))),IFERROR(IF(INDEX('de para abc'!$C:$C,MATCH($C34,'de para abc'!$B:$B,0))=0,"C",INDEX('de para abc'!$C:$C,MATCH($C34,'de para abc'!$B:$B,0))),"C"))} -> A | F34: 1
A35: FERRAMENTARIA | B35: 1000224 | C35: CORRENTE | D35: M | E35: {=IFERROR(IF(INDEX('de para abc'!$C:$C,MATCH($B35,'de para abc'!$A:$A,0))=0,"C",INDEX('de para abc'!$C:$C,MATCH($B35,'de para abc'!$A:$A,0))),IFERROR(IF(INDEX('de para abc'!$C:$C,MATCH($C35,'de para abc'!$B:$B,0))=0,"C",INDEX('de para abc'!$C:$C,MATCH($C35,'de para abc'!$B:$B,0))),"C"))} -> A | F35: 1
A36: FERRAMENTARIA | B36: 1001264 | C36: FERRO T | D36: UN | E36: {=IFERROR(IF(INDEX('de para abc'!$C:$C,MATCH($B36,'de para abc'!$A:$A,0))=0,"C",INDEX('de para abc'!$C:$C,MATCH($B36,'de para abc'!$A:$A,0))),IFERROR(IF(INDEX('de para abc'!$C:$C,MATCH($C36,'de para abc'!$B:$B,0))=0,"C",INDEX('de para abc'!$C:$C,MATCH($C36,'de para abc'!$B:$B,0))),"C"))} -> A | F36: 19
A37: FERRAMENTARIA | B37: 1000065 | C37: BOLSA DE LONA | D37: UN | E37: {=IFERROR(IF(INDEX('de para abc'!$C:$C,MATCH($B37,'de para abc'!$A:$A,0))=0,"C",INDEX('de para abc'!$C:$C,MATCH($B37,'de para abc'!$A:$A,0))),IFERROR(IF(INDEX('de para abc'!$C:$C,MATCH($C37,'de para abc'!$B:$B,0))=0,"C",INDEX('de para abc'!$C:$C,MATCH($C37,'de para abc'!$B:$B,0))),"C"))} -> A | F37: 3
A38: FERRAMENTARIA | C38: CHAVE P/ CAIXA SUBTERRANEA | D38: UN | E38: {=IFERROR(IF(INDEX('de para abc'!$C:$C,MATCH($B38,'de para abc'!$A:$A,0))=0,"C",INDEX('de para abc'!$C:$C,MATCH($B38,'de para abc'!$A:$A,0))),IFERROR(IF(INDEX('de para abc'!$C:$C,MATCH($C38,'de para abc'!$B:$B,0))=0,"C",INDEX('de para abc'!$C:$C,MATCH($C38,'de para abc'!$B:$B,0))),"C"))} -> A | F38: 22
A39: FERRAMENTARIA | B39: 100049 | C39: BALDE DE LONA | D39: UN | E39: {=IFERROR(IF(INDEX('de para abc'!$C:$C,MATCH($B39,'de para abc'!$A:$A,0))=0,"C",INDEX('de para abc'!$C:$C,MATCH($B39,'de para abc'!$A:$A,0))),IFERROR(IF(INDEX('de para abc'!$C:$C,MATCH($C39,'de para abc'!$B:$B,0))=0,"C",INDEX('de para abc'!$C:$C,MATCH($C39,'de para abc'!$B:$B,0))),"C"))} -> A | F39: 2
A40: FERRAMENTARIA | B40: 1000340 | C40: FUSIMEC | D40: UN | E40: {=IFERROR(IF(INDEX('de para abc'!$C:$C,MATCH($B40,'de para abc'!$A:$A,0))=0,"C",INDEX('de para abc'!$C:$C,MATCH($B40,'de para abc'!$A:$A,0))),IFERROR(IF(INDEX('de para abc'!$C:$C,MATCH($C40,'de para abc'!$B:$B,0))=0,"C",INDEX('de para abc'!$C:$C,MATCH($C40,'de para abc'!$B:$B,0))),"C"))} -> A | F40: 14
A41: FERRAMENTARIA | B41: 1000048 | C41: BADISCO | D41: UN | E41: {=IFERROR(IF(INDEX('de para abc'!$C:$C,MATCH($B41,'de para abc'!$A:$A,0))=0,"C",INDEX('de para abc'!$C:$C,MATCH($B41,'de para abc'!$A:$A,0))),IFERROR(IF(INDEX('de para abc'!$C:$C,MATCH($C41,'de para abc'!$B:$B,0))=0,"C",INDEX('de para abc'!$C:$C,MATCH($C41,'de para abc'!$B:$B,0))),"C"))} -> A | F41: 22
A42: FERRAMENTARIA | C42: FURADEIRA | D42: UN | E42: {=IFERROR(IF(INDEX('de para abc'!$C:$C,MATCH($B42,'de para abc'!$A:$A,0))=0,"C",INDEX('de para abc'!$C:$C,MATCH($B42,'de para abc'!$A:$A,0))),IFERROR(IF(INDEX('de para abc'!$C:$C,MATCH($C42,'de para abc'!$B:$B,0))=0,"C",INDEX('de para abc'!$C:$C,MATCH($C42,'de para abc'!$B:$B,0))),"C"))} -> C | F42: 7
A43: FERRAMENTARIA | C43: BROCA LONGA-10 mm | D43: UN | E43: {=IFERROR(IF(INDEX('de para abc'!$C:$C,MATCH($B43,'de para abc'!$A:$A,0))=0,"C",INDEX('de para abc'!$C:$C,MATCH($B43,'de para abc'!$A:$A,0))),IFERROR(IF(INDEX('de para abc'!$C:$C,MATCH($C43,'de para abc'!$B:$B,0))=0,"C",INDEX('de para abc'!$C:$C,MATCH($C43,'de para abc'!$B:$B,0))),"C"))} -> C | F43: 1
A44: FERRAMENTARIA | C44: BROCA LONGA-8mm | D44: UN | E44: {=IFERROR(IF(INDEX('de para abc'!$C:$C,MATCH($B44,'de para abc'!$A:$A,0))=0,"C",INDEX('de para abc'!$C:$C,MATCH($B44,'de para abc'!$A:$A,0))),IFERROR(IF(INDEX('de para abc'!$C:$C,MATCH($C44,'de para abc'!$B:$B,0))=0,"C",INDEX('de para abc'!$C:$C,MATCH($C44,'de para abc'!$B:$B,0))),"C"))} -> C | F44: 2
A45: FERRAMENTARIA | C45: BROCA videa- 10mm | D45: UN | E45: {=IFERROR(IF(INDEX('de para abc'!$C:$C,MATCH($B45,'de para abc'!$A:$A,0))=0,"C",INDEX('de para abc'!$C:$C,MATCH($B45,'de para abc'!$A:$A,0))),IFERROR(IF(INDEX('de para abc'!$C:$C,MATCH($C45,'de para abc'!$B:$B,0))=0,"C",INDEX('de para abc'!$C:$C,MATCH($C45,'de para abc'!$B:$B,0))),"C"))} -> C | F45: 3
A46: FERRAMENTARIA | C46: BROCA videa- 8mm | D46: UN | E46: {=IFERROR(IF(INDEX('de para abc'!$C:$C,MATCH($B46,'de para abc'!$A:$A,0))=0,"C",INDEX('de para abc'!$C:$C,MATCH($B46,'de para abc'!$A:$A,0))),IFERROR(IF(INDEX('de para abc'!$C:$C,MATCH($C46,'de para abc'!$B:$B,0))=0,"C",INDEX('de para abc'!$C:$C,MATCH($C46,'de para abc'!$B:$B,0))),"C"))} -> C | F46: 3
A47: FERRAMENTARIA | C47: BROCA videa- 6mm | D47: UN | E47: {=IFERROR(IF(INDEX('de para abc'!$C:$C,MATCH($B47,'de para abc'!$A:$A,0))=0,"C",INDEX('de para abc'!$C:$C,MATCH($B47,'de para abc'!$A:$A,0))),IFERROR(IF(INDEX('de para abc'!$C:$C,MATCH($C47,'de para abc'!$B:$B,0))=0,"C",INDEX('de para abc'!$C:$C,MATCH($C47,'de para abc'!$B:$B,0))),"C"))} -> C | F47: 7
A48: FERRAMENTARIA | C48: BROCA 3 pontas - 6mm | D48: UN | E48: {=IFERROR(IF(INDEX('de para abc'!$C:$C,MATCH($B48,'de para abc'!$A:$A,0))=0,"C",INDEX('de para abc'!$C:$C,MATCH($B48,'de para abc'!$A:$A,0))),IFERROR(IF(INDEX('de para abc'!$C:$C,MATCH($C48,'de para abc'!$B:$B,0))=0,"C",INDEX('de para abc'!$C:$C,MATCH($C48,'de para abc'!$B:$B,0))),"C"))} -> C | F48: 1
A49: FERRAMENTARIA | C49: BROCA 3 pontas - 8mm | D49: UN | E49: {=IFERROR(IF(INDEX('de para abc'!$C:$C,MATCH($B49,'de para abc'!$A:$A,0))=0,"C",INDEX('de para abc'!$C:$C,MATCH($B49,'de para abc'!$A:$A,0))),IFERROR(IF(INDEX('de para abc'!$C:$C,MATCH($C49,'de para abc'!$B:$B,0))=0,"C",INDEX('de para abc'!$C:$C,MATCH($C49,'de para abc'!$B:$B,0))),"C"))} -> C | F49: 1
A50: FERRAMENTARIA | C50: BROCA 3 pontas - 10mm | D50: UN | E50: {=IFERROR(IF(INDEX('de para abc'!$C:$C,MATCH($B50,'de para abc'!$A:$A,0))=0,"C",INDEX('de para abc'!$C:$C,MATCH($B50,'de para abc'!$A:$A,0))),IFERROR(IF(INDEX('de para abc'!$C:$C,MATCH($C50,'de para abc'!$B:$B,0))=0,"C",INDEX('de para abc'!$C:$C,MATCH($C50,'de para abc'!$B:$B,0))),"C"))} -> C | F50: 1
A51: FERRAMENTARIA | C51: BROCA chata - 10mm | D51: UN | E51: {=IFERROR(IF(INDEX('de para abc'!$C:$C,MATCH($B51,'de para abc'!$A:$A,0))=0,"C",INDEX('de para abc'!$C:$C,MATCH($B51,'de para abc'!$A:$A,0))),IFERROR(IF(INDEX('de para abc'!$C:$C,MATCH($C51,'de para abc'!$B:$B,0))=0,"C",INDEX('de para abc'!$C:$C,MATCH($C51,'de para abc'!$B:$B,0))),"C"))} -> C | F51: 12
A52: FERRAMENTARIA | C52: BROCA chata - 8mm | D52: UN | E52: {=IFERROR(IF(INDEX('de para abc'!$C:$C,MATCH($B52,'de para abc'!$A:$A,0))=0,"C",INDEX('de para abc'!$C:$C,MATCH($B52,'de para abc'!$A:$A,0))),IFERROR(IF(INDEX('de para abc'!$C:$C,MATCH($C52,'de para abc'!$B:$B,0))=0,"C",INDEX('de para abc'!$C:$C,MATCH($C52,'de para abc'!$B:$B,0))),"C"))} -> C | F52: 10
A53: FERRAMENTARIA | C53: BROCA chata - 6mm | D53: UN | E53: {=IFERROR(IF(INDEX('de para abc'!$C:$C,MATCH($B53,'de para abc'!$A:$A,0))=0,"C",INDEX('de para abc'!$C:$C,MATCH($B53,'de para abc'!$A:$A,0))),IFERROR(IF(INDEX('de para abc'!$C:$C,MATCH($C53,'de para abc'!$B:$B,0))=0,"C",INDEX('de para abc'!$C:$C,MATCH($C53,'de para abc'!$B:$B,0))),"C"))} -> C | F53: 3
... A60: FERRAMENTARIA | C60: GERADOR DE ENERGIA | D60: UN | E60: {=IFERROR(IF(INDEX('de para abc'!$C:$C,MATCH($B60,'de para abc'!$A:$A,0))=0,"C",INDEX('de para abc'!$C:$C,MATCH($B60,'de para abc'!$A:$A,0))),IFERROR(IF(INDEX('de para abc'!$C:$C,MATCH($C60,'de para abc'!$B:$B,0))=0,"C",INDEX('de para abc'!$C:$C,MATCH($C60,'de para abc'!$B:$B,0))),"C"))} -> C | F60: 1
A61: FERRAMENTARIA | B61: 1000478 | C61: VERRUMA | D61: UN | E61: {=IFERROR(IF(INDEX('de para abc'!$C:$C,MATCH($B61,'de para abc'!$A:$A,0))=0,"C",INDEX('de para abc'!$C:$C,MATCH($B61,'de para abc'!$A:$A,0))),IFERROR(IF(INDEX('de para abc'!$C:$C,MATCH($C61,'de para abc'!$B:$B,0))=0,"C",INDEX('de para abc'!$C:$C,MATCH($C61,'de para abc'!$B:$B,0))),"C"))} -> B | F61: 1
A62: FERRAMENTARIA | B62: 1000470 | C62: TRENA FIBRA DE VIDRO 50M | D62: UN | E62: {=IFERROR(IF(INDEX('de para abc'!$C:$C,MATCH($B62,'de para abc'!$A:$A,0))=0,"C",INDEX('de para abc'!$C:$C,MATCH($B62,'de para abc'!$A:$A,0))),IFERROR(IF(INDEX('de para abc'!$C:$C,MATCH($C62,'de para abc'!$B:$B,0))=0,"C",INDEX('de para abc'!$C:$C,MATCH($C62,'de para abc'!$B:$B,0))),"C"))} -> B | F62: 2
A63: FERRAMENTARIA | B63: 1000189 | C63: CHAVE INGLESA 10MM | D63: UN | E63: {=IFERROR(IF(INDEX('de para abc'!$C:$C,MATCH($B63,'de para abc'!$A:$A,0))=0,"C",INDEX('de para abc'!$C:$C,MATCH($B63,'de para abc'!$A:$A,0))),IFERROR(IF(INDEX('de para abc'!$C:$C,MATCH($C63,'de para abc'!$B:$B,0))=0,"C",INDEX('de para abc'!$C:$C,MATCH($C63,'de para abc'!$B:$B,0))),"C"))} -> B | F63: 2
A64: FERRAMENTARIA | C64: CONECTADORA BARGOA | D64: UN | E64: {=IFERROR(IF(INDEX('de para abc'!$C:$C,MATCH($B64,'de para abc'!$A:$A,0))=0,"C",INDEX('de para abc'!$C:$C,MATCH($B64,'de para abc'!$A:$A,0))),IFERROR(IF(INDEX('de para abc'!$C:$C,MATCH($C64,'de para abc'!$B:$B,0))=0,"C",INDEX('de para abc'!$C:$C,MATCH($C64,'de para abc'!$B:$B,0))),"C"))} -> C | F64: 4
A65: FERRAMENTARIA | C65: CHAVE BLI | D65: UN | E65: {=IFERROR(IF(INDEX('de para abc'!$C:$C,MATCH($B65,'de para abc'!$A:$A,0))=0,"C",INDEX('de para abc'!$C:$C,MATCH($B65,'de para abc'!$A:$A,0))),IFERROR(IF(INDEX('de para abc'!$C:$C,MATCH($C65,'de para abc'!$B:$B,0))=0,"C",INDEX('de para abc'!$C:$C,MATCH($C65,'de para abc'!$B:$B,0))),"C"))} -> C | F65: 2
A66: FERRAMENTARIA | B66: 1000171 | C66: CHAVE CANHÃO 8 mm | D66: UN | E66: {=IFERROR(IF(INDEX('de para abc'!$C:$C,MATCH($B66,'de para abc'!$A:$A,0))=0,"C",INDEX('de para abc'!$C:$C,MATCH($B66,'de para abc'!$A:$A,0))),IFERROR(IF(INDEX('de para abc'!$C:$C,MATCH($C66,'de para abc'!$B:$B,0))=0,"C",INDEX('de para abc'!$C:$C,MATCH($C66,'de para abc'!$B:$B,0))),"C"))} -> B | F66: 2
A67: FERRAMENTARIA | B67: 1000167 | C67: CHAVE CANHÃO 10 mm | D67: UN | E67: {=IFERROR(IF(INDEX('de para abc'!$C:$C,MATCH($B67,'de para abc'!$A:$A,0))=0,"C",INDEX('de para abc'!$C:$C,MATCH($B67,'de para abc'!$A:$A,0))),IFERROR(IF(INDEX('de para abc'!$C:$C,MATCH($C67,'de para abc'!$B:$B,0))=0,"C",INDEX('de para abc'!$C:$C,MATCH($C67,'de para abc'!$B:$B,0))),"C"))} -> B | F67: 2
A68: FERRAMENTARIA | C68: CHAVE CANHÃO 11 mm | D68: UN | E68: {=IFERROR(IF(INDEX('de para abc'!$C:$C,MATCH($B68,'de para abc'!$A:$A,0))=0,"C",INDEX('de para abc'!$C:$C,MATCH($B68,'de para abc'!$A:$A,0))),IFERROR(IF(INDEX('de para abc'!$C:$C,MATCH($C68,'de para abc'!$B:$B,0))=0,"C",INDEX('de para abc'!$C:$C,MATCH($C68,'de para abc'!$B:$B,0))),"C"))} -> C | F68: 1
A69: FERRAMENTARIA | C69: GIGA TELEFONICA | D69: UN | E69: {=IFERROR(IF(INDEX('de para abc'!$C:$C,MATCH($B69,'de para abc'!$A:$A,0))=0,"C",INDEX('de para abc'!$C:$C,MATCH($B69,'de para abc'!$A:$A,0))),IFERROR(IF(INDEX('de para abc'!$C:$C,MATCH($C69,'de para abc'!$B:$B,0))=0,"C",INDEX('de para abc'!$C:$C,MATCH($C69,'de para abc'!$B:$B,0))),"C"))} -> C | F69: 2
A70: FERRAMENTARIA | B70: 1000363 | C70: MULTIMETRO DIGITAL | D70: UN | E70: {=IFERROR(IF(INDEX('de para abc'!$C:$C,MATCH($B70,'de para abc'!$A:$A,0))=0,"C",INDEX('de para abc'!$C:$C,MATCH($B70,'de para abc'!$A:$A,0))),IFERROR(IF(INDEX('de para abc'!$C:$C,MATCH($C70,'de para abc'!$B:$B,0))=0,"C",INDEX('de para abc'!$C:$C,MATCH($C70,'de para abc'!$B:$B,0))),"C"))} -> A | F70: 9
A71: FERRAMENTARIA | B71: 1001476 | C71: TESTADOR DE CABO DE REDE LAN (ETHERNET) | D71: UN | E71: {=IFERROR(IF(INDEX('de para abc'!$C:$C,MATCH($B71,'de para abc'!$A:$A,0))=0,"C",INDEX('de para abc'!$C:$C,MATCH($B71,'de para abc'!$A:$A,0))),IFERROR(IF(INDEX('de para abc'!$C:$C,MATCH($C71,'de para abc'!$B:$B,0))=0,"C",INDEX('de para abc'!$C:$C,MATCH($C71,'de para abc'!$B:$B,0))),"C"))} -> A | F71: 10
A72: FERRAMENTARIA | B72: 1001241 | C72: INVERSOR DE ENERGIA 12V PARA 110V | D72: UN | E72: {=IFERROR(IF(INDEX('de para abc'!$C:$C,MATCH($B72,'de para abc'!$A:$A,0))=0,"C",INDEX('de para abc'!$C:$C,MATCH($B72,'de para abc'!$A:$A,0))),IFERROR(IF(INDEX('de para abc'!$C:$C,MATCH($C72,'de para abc'!$B:$B,0))=0,"C",INDEX('de para abc'!$C:$C,MATCH($C72,'de para abc'!$B:$B,0))),"C"))} -> B | F72: 1
A73: SSO | C73: CASACO | D73: UN | E73: {=IFERROR(IF(INDEX('de para abc'!$C:$C,MATCH($B73,'de para abc'!$A:$A,0))=0,"C",INDEX('de para abc'!$C:$C,MATCH($B73,'de para abc'!$A:$A,0))),IFERROR(IF(INDEX('de para abc'!$C:$C,MATCH($C73,'de para abc'!$B:$B,0))=0,"C",INDEX('de para abc'!$C:$C,MATCH($C73,'de para abc'!$B:$B,0))),"C"))} -> C | F73: 3
A74: SSO | C74: CINTO PQD C/3 | D74: UN | E74: {=IFERROR(IF(INDEX('de para abc'!$C:$C,MATCH($B74,'de para abc'!$A:$A,0))=0,"C",INDEX('de para abc'!$C:$C,MATCH($B74,'de para abc'!$A:$A,0))),IFERROR(IF(INDEX('de para abc'!$C:$C,MATCH($C74,'de para abc'!$B:$B,0))=0,"C",INDEX('de para abc'!$C:$C,MATCH($C74,'de para abc'!$B:$B,0))),"C"))} -> C | F74: 13
A75: SSO | C75: CINTO PQD GRANDE | D75: UN | E75: {=IFERROR(IF(INDEX('de para abc'!$C:$C,MATCH($B75,'de para abc'!$A:$A,0))=0,"C",INDEX('de para abc'!$C:$C,MATCH($B75,'de para abc'!$A:$A,0))),IFERROR(IF(INDEX('de para abc'!$C:$C,MATCH($C75,'de para abc'!$B:$B,0))=0,"C",INDEX('de para abc'!$C:$C,MATCH($C75,'de para abc'!$B:$B,0))),"C"))} -> C | F75: 4
A76: SSO | C76: CONE GRANDE | D76: UN | E76: {=IFERROR(IF(INDEX('de para abc'!$C:$C,MATCH($B76,'de para abc'!$A:$A,0))=0,"C",INDEX('de para abc'!$C:$C,MATCH($B76,'de para abc'!$A:$A,0))),IFERROR(IF(INDEX('de para abc'!$C:$C,MATCH($C76,'de para abc'!$B:$B,0))=0,"C",INDEX('de para abc'!$C:$C,MATCH($C76,'de para abc'!$B:$B,0))),"C"))} -> C | F76: 21
A77: SSO | C77: CONE PEQUENO | D77: UN | E77: {=IFERROR(IF(INDEX('de para abc'!$C:$C,MATCH($B77,'de para abc'!$A:$A,0))=0,"C",INDEX('de para abc'!$C:$C,MATCH($B77,'de para abc'!$A:$A,0))),IFERROR(IF(INDEX('de para abc'!$C:$C,MATCH($C77,'de para abc'!$B:$B,0))=0,"C",INDEX('de para abc'!$C:$C,MATCH($C77,'de para abc'!$B:$B,0))),"C"))} -> C | F77: 21
A78: SSO | C78: CORDA 12 M | D78: M | E78: {=IFERROR(IF(INDEX('de para abc'!$C:$C,MATCH($B78,'de para abc'!$A:$A,0))=0,"C",INDEX('de para abc'!$C:$C,MATCH($B78,'de para abc'!$A:$A,0))),IFERROR(IF(INDEX('de para abc'!$C:$C,MATCH($C78,'de para abc'!$B:$B,0))=0,"C",INDEX('de para abc'!$C:$C,MATCH($C78,'de para abc'!$B:$B,0))),"C"))} -> C | F78: 5
A79: SSO | C79: FITA CATRACA | D79: UN | E79: {=IFERROR(IF(INDEX('de para abc'!$C:$C,MATCH($B79,'de para abc'!$A:$A,0))=0,"C",INDEX('de para abc'!$C:$C,MATCH($B79,'de para abc'!$A:$A,0))),IFERROR(IF(INDEX('de para abc'!$C:$C,MATCH($C79,'de para abc'!$B:$B,0))=0,"C",INDEX('de para abc'!$C:$C,MATCH($C79,'de para abc'!$B:$B,0))),"C"))} -> C | F79: 7
A80: SSO | C80: FITA DE ANCORAGEM | D80: UN | E80: {=IFERROR(IF(INDEX('de para abc'!$C:$C,MATCH($B80,'de para abc'!$A:$A,0))=0,"C",INDEX('de para abc'!$C:$C,MATCH($B80,'de para abc'!$A:$A,0))),IFERROR(IF(INDEX('de para abc'!$C:$C,MATCH($C80,'de para abc'!$B:$B,0))=0,"C",INDEX('de para abc'!$C:$C,MATCH($C80,'de para abc'!$B:$B,0))),"C"))} -> C | F80: 6
A81: SSO | C81: FITA ZEBRADA | D81: UN | E81: {=IFERROR(IF(INDEX('de para abc'!$C:$C,MATCH($B81,'de para abc'!$A:$A,0))=0,"C",INDEX('de para abc'!$C:$C,MATCH($B81,'de para abc'!$A:$A,0))),IFERROR(IF(INDEX('de para abc'!$C:$C,MATCH($C81,'de para abc'!$B:$B,0))=0,"C",INDEX('de para abc'!$C:$C,MATCH($C81,'de para abc'!$B:$B,0))),"C"))} -> C | F81: 4
A82: SSO | C82: FREIO ABS | D82: UN | E82: {=IFERROR(IF(INDEX('de para abc'!$C:$C,MATCH($B82,'de para abc'!$A:$A,0))=0,"C",INDEX('de para abc'!$C:$C,MATCH($B82,'de para abc'!$A:$A,0))),IFERROR(IF(INDEX('de para abc'!$C:$C,MATCH($C82,'de para abc'!$B:$B,0))=0,"C",INDEX('de para abc'!$C:$C,MATCH($C82,'de para abc'!$B:$B,0))),"C"))} -> C | F82: 9
A83: SSO | C83: LUVA DE PIGMENTADA | D83: PAR | E83: {=IFERROR(IF(INDEX('de para abc'!$C:$C,MATCH($B83,'de para abc'!$A:$A,0))=0,"C",INDEX('de para abc'!$C:$C,MATCH($B83,'de para abc'!$A:$A,0))),IFERROR(IF(INDEX('de para abc'!$C:$C,MATCH($C83,'de para abc'!$B:$B,0))=0,"C",INDEX('de para abc'!$C:$C,MATCH($C83,'de para abc'!$B:$B,0))),"C"))} -> C | F83: 5
A84: SSO | C84: LUVA VAQUETA | D84: PAR | E84: {=IFERROR(IF(INDEX('de para abc'!$C:$C,MATCH($B84,'de para abc'!$A:$A,0))=0,"C",INDEX('de para abc'!$C:$C,MATCH($B84,'de para abc'!$A:$A,0))),IFERROR(IF(INDEX('de para abc'!$C:$C,MATCH($C84,'de para abc'!$B:$B,0))=0,"C",INDEX('de para abc'!$C:$C,MATCH($C84,'de para abc'!$B:$B,0))),"C"))} -> C | F84: 7
... A91: SSO | C91: TRAVA QUEDAS | D91: UN | E91: {=IFERROR(IF(INDEX('de para abc'!$C:$C,MATCH($B91,'de para abc'!$A:$A,0))=0,"C",INDEX('de para abc'!$C:$C,MATCH($B91,'de para abc'!$A:$A,0))),IFERROR(IF(INDEX('de para abc'!$C:$C,MATCH($C91,'de para abc'!$B:$B,0))=0,"C",INDEX('de para abc'!$C:$C,MATCH($C91,'de para abc'!$B:$B,0))),"C"))} -> C | F91: 13

Sheet BELO HORIZONTE
A1: CONSOLIDADO DE ESTOQUE — BELO HORIZONTE
A2: Itens da unidade Belo Horizonte. Classe (A/B/C) e código buscados nas abas 'de para abc' e 'de para codigo'.
A4: Categoria | B4: Código | C4: Descrição | D4: Unidade | E4: Classe (A/B/C) | F4: Quantidade | H4: Categoria | I4: Itens | J4: Quantidade
A5: FERRAMENTARIA | B5: 0458-0008-1 | C5: ADAPTADOR P/ CONECTOR ÓPTICO SC-PC | D5: UN | E5: =IFERROR(IF(INDEX('de para abc'!$C:$C,MATCH($B5,'de para abc'!$A:$A,0))=0,"C",INDEX('de para abc'!$C:$C,MATCH($B5,'de para abc'!$A:$A,0))),IFERROR(IF(INDEX('de para abc'!$C:$C,MATCH($C5,'de para abc'!$B:$B,0))=0,"C",INDEX('de para abc'!$C:$C,MATCH($C5,'de para abc'!$B:$B,0))),"C")) -> C | F5: 0 | H5: FERRAMENTARIA | I5: =COUNTIF($A$5:$A$252,H5) -> 164 | J5: =SUMIF($A$5:$A$252,H5,$F$5:$F$252) -> 1111
A6: FERRAMENTARIA | B6: 1000021 | C6: ALAVANCA DE AÇO 1,45MTS | D6: PÇ | E6: =IFERROR(IF(INDEX('de para abc'!$C:$C,MATCH($B6,'de para abc'!$A:$A,0))=0,"C",INDEX('de para abc'!$C:$C,MATCH($B6,'de para abc'!$A:$A,0))),IFERROR(IF(INDEX('de para abc'!$C:$C,MATCH($C6,'de para abc'!$B:$B,0))=0,"C",INDEX('de para abc'!$C:$C,MATCH($C6,'de para abc'!$B:$B,0))),"C")) -> C | F6: 4 | H6: SSO | I6: =COUNTIF($A$5:$A$252,H6) -> 84 | J6: =SUMIF($A$5:$A$252,H6,$F$5:$F$252) -> 1872
A7: FERRAMENTARIA | B7: 1006884 | C7: ALFABETO CHAPA VAZADA 25MM | D7: UN | E7: =IFERROR(IF(INDEX('de para abc'!$C:$C,MATCH($B7,'de para abc'!$A:$A,0))=0,"C",INDEX('de para abc'!$C:$C,MATCH($B7,'de para abc'!$A:$A,0))),IFERROR(IF(INDEX('de para abc'!$C:$C,MATCH($C7,'de para abc'!$B:$B,0))=0,"C",INDEX('de para abc'!$C:$C,MATCH($C7,'de para abc'!$B:$B,0))),"C")) -> C | F7: 0 | H7: Total | I7: =SUM(I5:I6) -> 248 | J7: =SUM(J5:J6) -> 2983
A8: FERRAMENTARIA | B8: 1006882 | C8: ALFABETO DE BATER 5MM | D8: UN | E8: =IFERROR(IF(INDEX('de para abc'!$C:$C,MATCH($B8,'de para abc'!$A:$A,0))=0,"C",INDEX('de para abc'!$C:$C,MATCH($B8,'de para abc'!$A:$A,0))),IFERROR(IF(INDEX('de para abc'!$C:$C,MATCH($C8,'de para abc'!$B:$B,0))=0,"C",INDEX('de para abc'!$C:$C,MATCH($C8,'de para abc'!$B:$B,0))),"C")) -> C | F8: 0
A9: FERRAMENTARIA | B9: 1006885 | C9: ALGARISMO CHAPA VAZADA | D9: UN | E9: =IFERROR(IF(INDEX('de para abc'!$C:$C,MATCH($B9,'de para abc'!$A:$A,0))=0,"C",INDEX('de para abc'!$C:$C,MATCH($B9,'de para abc'!$A:$A,0))),IFERROR(IF(INDEX('de para abc'!$C:$C,MATCH($C9,'de para abc'!$B:$B,0))=0,"C",INDEX('de para abc'!$C:$C,MATCH($C9,'de para abc'!$B:$B,0))),"C")) -> C | F9: 0
A10: FERRAMENTARIA | B10: 1006883 | C10: ALGARISMO DE BATER 5MM | D10: UN | E10: =IFERROR(IF(INDEX('de para abc'!$C:$C,MATCH($B10,'de para abc'!$A:$A,0))=0,"C",INDEX('de para abc'!$C:$C,MATCH($B10,'de para abc'!$A:$A,0))),IFERROR(IF(INDEX('de para abc'!$C:$C,MATCH($C10,'de para abc'!$B:$B,0))=0,"C",INDEX('de para abc'!$C:$C,MATCH($C10,'de para abc'!$B:$B,0))),"C")) -> C | F10: 0
A11: FERRAMENTARIA | B11: 1000032 | C11: ALICATE DE BICO 6 | D11: PÇ | E11: =IFERROR(IF(INDEX('de para abc'!$C:$C,MATCH($B11,'de para abc'!$A:$A,0))=0,"C",INDEX('de para abc'!$C:$C,MATCH($B11,'de para abc'!$A:$A,0))),IFERROR(IF(INDEX('de para abc'!$C:$C,MATCH($C11,'de para abc'!$B:$B,0))=0,"C",INDEX('de para abc'!$C:$C,MATCH($C11,'de para abc'!$B:$B,0))),"C")) -> A | F11: 29
A12: FERRAMENTARIA | B12: 1000033 | C12: ALICATE DE CORTE 6 | D12: PÇ | E12: =IFERROR(IF(INDEX('de para abc'!$C:$C,MATCH($B12,'de para abc'!$A:$A,0))=0,"C",INDEX('de para abc'!$C:$C,MATCH($B12,'de para abc'!$A:$A,0))),IFERROR(IF(INDEX('de para abc'!$C:$C,MATCH($C12,'de para abc'!$B:$B,0))=0,"C",INDEX('de para abc'!$C:$C,MATCH($C12,'de para abc'!$B:$B,0))),"C")) -> A | F12: 7
A13: FERRAMENTARIA | B13: 1000035 | C13: ALICATE DE INSERÇÃO TERMINAL (BARGOA) | D13: UN | E13: =IFERROR(IF(INDEX('de para abc'!$C:$C,MATCH($B13,'de para abc'!$A:$A,0))=0,"C",INDEX('de para abc'!$C:$C,MATCH($B13,'de para abc'!$A:$A,0))),IFERROR(IF(INDEX('de para abc'!$C:$C,MATCH($C13,'de para abc'!$B:$B,0))=0,"C",INDEX('de para abc'!$C:$C,MATCH($C13,'de para abc'!$B:$B,0))),"C")) -> B | F13: 0
A14: FERRAMENTARIA | B14: 1000037 | C14: ALICATE DECAPADOR DE FIBRA OPTICA | D14: PÇ | E14: =IFERROR(IF(INDEX('de para abc'!$C:$C,MATCH($B14,'de para abc'!$A:$A,0))=0,"C",INDEX('de para abc'!$C:$C,MATCH($B14,'de para abc'!$A:$A,0))),IFERROR(IF(INDEX('de para abc'!$C:$C,MATCH($C14,'de para abc'!$B:$B,0))=0,"C",INDEX('de para abc'!$C:$C,MATCH($C14,'de para abc'!$B:$B,0))),"C")) -> A | F14: 59
A15: FERRAMENTARIA | B15: 9000010 | C15: ALICATE DECAPADOR DE FIBRA OPTICA | D15: UN | E15: =IFERROR(IF(INDEX('de para abc'!$C:$C,MATCH($B15,'de para abc'!$A:$A,0))=0,"C",INDEX('de para abc'!$C:$C,MATCH($B15,'de para abc'!$A:$A,0))),IFERROR(IF(INDEX('de para abc'!$C:$C,MATCH($C15,'de para abc'!$B:$B,0))=0,"C",INDEX('de para abc'!$C:$C,MATCH($C15,'de para abc'!$B:$B,0))),"C")) -> C | F15: 59
A16: FERRAMENTARIA | B16: 1001260 | C16: ALICATE P/ BOMBA DAGUA | D16: UN | E16: =IFERROR(IF(INDEX('de para abc'!$C:$C,MATCH($B16,'de para abc'!$A:$A,0))=0,"C",INDEX('de para abc'!$C:$C,MATCH($B16,'de para abc'!$A:$A,0))),IFERROR(IF(INDEX('de para abc'!$C:$C,MATCH($C16,'de para abc'!$B:$B,0))=0,"C",INDEX('de para abc'!$C:$C,MATCH($C16,'de para abc'!$B:$B,0))),"C")) -> C | F16: 3
A17: FERRAMENTARIA | B17: 1000039 | C17: ALICATE UNIVERSAL 8 | D17: PÇ | E17: =IFERROR(IF(INDEX('de para abc'!$C:$C,MATCH($B17,'de para abc'!$A:$A,0))=0,"C",INDEX('de para abc'!$C:$C,MATCH($B17,'de para abc'!$A:$A,0))),IFERROR(IF(INDEX('de para abc'!$C:$C,MATCH($C17,'de para abc'!$B:$B,0))=0,"C",INDEX('de para abc'!$C:$C,MATCH($C17,'de para abc'!$B:$B,0))),"C")) -> A | F17: 26
A18: FERRAMENTARIA | B18: 30030829 | C18: AMP 1G/42MHZ HGD GM | D18: PÇ | E18: =IFERROR(IF(INDEX('de para abc'!$C:$C,MATCH($B18,'de para abc'!$A:$A,0))=0,"C",INDEX('de para abc'!$C:$C,MATCH($B18,'de para abc'!$A:$A,0))),IFERROR(IF(INDEX('de para abc'!$C:$C,MATCH($C18,'de para abc'!$B:$B,0))=0,"C",INDEX('de para abc'!$C:$C,MATCH($C18,'de para abc'!$B:$B,0))),"C")) -> C | F18: 2
A19: FERRAMENTARIA | B19: 1001029 | C19: ARCO DE SERRA | D19: UN | E19: =IFERROR(IF(INDEX('de para abc'!$C:$C,MATCH($B19,'de para abc'!$A:$A,0))=0,"C",INDEX('de para abc'!$C:$C,MATCH($B19,'de para abc'!$A:$A,0))),IFERROR(IF(INDEX('de para abc'!$C:$C,MATCH($C19,'de para abc'!$B:$B,0))=0,"C",INDEX('de para abc'!$C:$C,MATCH($C19,'de para abc'!$B:$B,0))),"C")) -> C | F19: 0
... A92: FERRAMENTARIA | B92: 30001280 | C92: CLIVADOR LOCADO REDEX EASY | D92: UN | E92: =IFERROR(IF(INDEX('de para abc'!$C:$C,MATCH($B92,'de para abc'!$A:$A,0))=0,"C",INDEX('de para abc'!$C:$C,MATCH($B92,'de para abc'!$A:$A,0))),IFERROR(IF(INDEX('de para abc'!$C:$C,MATCH($C92,'de para abc'!$B:$B,0))=0,"C",INDEX('de para abc'!$C:$C,MATCH($C92,'de para abc'!$B:$B,0))),"C")) -> C | F92: 1
A93: FERRAMENTARIA | B93: 2000456 | C93: COLETE REFLETIVO DE SEGURANÇA TP BLUSÃO | E93: =IFERROR(IF(INDEX('de para abc'!$C:$C,MATCH($B93,'de para abc'!$A:$A,0))=0,"C",INDEX('de para abc'!$C:$C,MATCH($B93,'de para abc'!$A:$A,0))),IFERROR(IF(INDEX('de para abc'!$C:$C,MATCH($C93,'de para abc'!$B:$B,0))=0,"C",INDEX('de para abc'!$C:$C,MATCH($C93,'de para abc'!$B:$B,0))),"C")) -> C | F93: 0
A94: FERRAMENTARIA | B94: 1000207 | C94: COLHER DE PEDREIRO | D94: PÇ | E94: =IFERROR(IF(INDEX('de para abc'!$C:$C,MATCH($B94,'de para abc'!$A:$A,0))=0,"C",INDEX('de para abc'!$C:$C,MATCH($B94,'de para abc'!$A:$A,0))),IFERROR(IF(INDEX('de para abc'!$C:$C,MATCH($C94,'de para abc'!$B:$B,0))=0,"C",INDEX('de para abc'!$C:$C,MATCH($C94,'de para abc'!$B:$B,0))),"C")) -> C | F94: 5
A95: FERRAMENTARIA | B95: 1000224 | C95: CORRENTE C/ CADEADO SEGURANÇA | D95: UN | E95: =IFERROR(IF(INDEX('de para abc'!$C:$C,MATCH($B95,'de para abc'!$A:$A,0))=0,"C",INDEX('de para abc'!$C:$C,MATCH($B95,'de para abc'!$A:$A,0))),IFERROR(IF(INDEX('de para abc'!$C:$C,MATCH($C95,'de para abc'!$B:$B,0))=0,"C",INDEX('de para abc'!$C:$C,MATCH($C95,'de para abc'!$B:$B,0))),"C")) -> A | F95: 3
A96: FERRAMENTARIA | B96: 1000607 | C96: CORTADOR LONGITUDINAL DE TUBOLOOSE | D96: UN | E96: =IFERROR(IF(INDEX('de para abc'!$C:$C,MATCH($B96,'de para abc'!$A:$A,0))=0,"C",INDEX('de para abc'!$C:$C,MATCH($B96,'de para abc'!$A:$A,0))),IFERROR(IF(INDEX('de para abc'!$C:$C,MATCH($C96,'de para abc'!$B:$B,0))=0,"C",INDEX('de para abc'!$C:$C,MATCH($C96,'de para abc'!$B:$B,0))),"C")) -> C | F96: 11
A97: FERRAMENTARIA | B97: 1001299 | C97: DECAPADOR PARA CABO DROP | D97: UN | E97: =IFERROR(IF(INDEX('de para abc'!$C:$C,MATCH($B97,'de para abc'!$A:$A,0))=0,"C",INDEX('de para abc'!$C:$C,MATCH($B97,'de para abc'!$A:$A,0))),IFERROR(IF(INDEX('de para abc'!$C:$C,MATCH($C97,'de para abc'!$B:$B,0))=0,"C",INDEX('de para abc'!$C:$C,MATCH($C97,'de para abc'!$B:$B,0))),"C")) -> A | F97: 60
A98: FERRAMENTARIA | B98: 1000658 | C98: DESEMPENADEIRA | D98: PÇ | E98: =IFERROR(IF(INDEX('de para abc'!$C:$C,MATCH($B98,'de para abc'!$A:$A,0))=0,"C",INDEX('de para abc'!$C:$C,MATCH($B98,'de para abc'!$A:$A,0))),IFERROR(IF(INDEX('de para abc'!$C:$C,MATCH($C98,'de para abc'!$B:$B,0))=0,"C",INDEX('de para abc'!$C:$C,MATCH($C98,'de para abc'!$B:$B,0))),"C")) -> C | F98: 6
A99: FERRAMENTARIA | B99: 100878 | C99: EMPILHADEIRA ELETRICA PATOLADA HELI | D99: PÇ | E99: =IFERROR(IF(INDEX('de para abc'!$C:$C,MATCH($B99,'de para abc'!$A:$A,0))=0,"C",INDEX('de para abc'!$C:$C,MATCH($B99,'de para abc'!$A:$A,0))),IFERROR(IF(INDEX('de para abc'!$C:$C,MATCH($C99,'de para abc'!$B:$B,0))=0,"C",INDEX('de para abc'!$C:$C,MATCH($C99,'de para abc'!$B:$B,0))),"C")) -> C | F99: 1
A100: FERRAMENTARIA | B100: 1000241 | C100: ENROLADEIRA/DESENROLADEIRA | D100: PÇ | E100: =IFERROR(IF(INDEX('de para abc'!$C:$C,MATCH($B100,'de para abc'!$A:$A,0))=0,"C",INDEX('de para abc'!$C:$C,MATCH($B100,'de para abc'!$A:$A,0))),IFERROR(IF(INDEX('de para abc'!$C:$C,MATCH($C100,'de para abc'!$B:$B,0))=0,"C",INDEX('de para abc'!$C:$C,MATCH($C100,'de para abc'!$B:$B,0))),"C")) -> B | F100: 0
A101: FERRAMENTARIA | B101: 1000240 | C101: ENXADA | D101: PÇ | E101: =IFERROR(IF(INDEX('de para abc'!$C:$C,MATCH($B101,'de para abc'!$A:$A,0))=0,"C",INDEX('de para abc'!$C:$C,MATCH($B101,'de para abc'!$A:$A,0))),IFERROR(IF(INDEX('de para abc'!$C:$C,MATCH($C101,'de para abc'!$B:$B,0))=0,"C",INDEX('de para abc'!$C:$C,MATCH($C101,'de para abc'!$B:$B,0))),"C")) -> C | F101: 5
A102: FERRAMENTARIA | B102: 1001025 | C102: ENXADA COM CABO | D102: UN | E102: =IFERROR(IF(INDEX('de para abc'!$C:$C,MATCH($B102,'de para abc'!$A:$A,0))=0,"C",INDEX('de para abc'!$C:$C,MATCH($B102,'de para abc'!$A:$A,0))),IFERROR(IF(INDEX('de para abc'!$C:$C,MATCH($C102,'de para abc'!$B:$B,0))=0,"C",INDEX('de para abc'!$C:$C,MATCH($C102,'de para abc'!$B:$B,0))),"C")) -> C | F102: 0
A103: FERRAMENTARIA | B103: 1001447 | C103: ENXADA ESTREITA | D103: PÇ | E103: =IFERROR(IF(INDEX('de para abc'!$C:$C,MATCH($B103,'de para abc'!$A:$A,0))=0,"C",INDEX('de para abc'!$C:$C,MATCH($B103,'de para abc'!$A:$A,0))),IFERROR(IF(INDEX('de para abc'!$C:$C,MATCH($C103,'de para abc'!$B:$B,0))=0,"C",INDEX('de para abc'!$C:$C,MATCH($C103,'de para abc'!$B:$B,0))),"C")) -> C | F103: 5
A104: FERRAMENTARIA | B104: 1001284 | C104: ESCADA 7,20 MTS | D104: UN | E104: =IFERROR(IF(INDEX('de para abc'!$C:$C,MATCH($B104,'de para abc'!$A:$A,0))=0,"C",INDEX('de para abc'!$C:$C,MATCH($B104,'de para abc'!$A:$A,0))),IFERROR(IF(INDEX('de para abc'!$C:$C,MATCH($C104,'de para abc'!$B:$B,0))=0,"C",INDEX('de para abc'!$C:$C,MATCH($C104,'de para abc'!$B:$B,0))),"C")) -> C | F104: 0
A105: FERRAMENTARIA | B105: 1002106 | C105: ESCADA DE FIBRA 10,20 M | D105: UN | E105: =IFERROR(IF(INDEX('de para abc'!$C:$C,MATCH($B105,'de para abc'!$A:$A,0))=0,"C",INDEX('de para abc'!$C:$C,MATCH($B105,'de para abc'!$A:$A,0))),IFERROR(IF(INDEX('de para abc'!$C:$C,MATCH($C105,'de para abc'!$B:$B,0))=0,"C",INDEX('de para abc'!$C:$C,MATCH($C105,'de para abc'!$B:$B,0))),"C")) -> C | F105: 1
... A190: SSO | B190: 1001700 | C190: CALÇA CLARO FFA CINZA - EXG | D190: UN | E190: =IFERROR(IF(INDEX('de para abc'!$C:$C,MATCH($B190,'de para abc'!$A:$A,0))=0,"C",INDEX('de para abc'!$C:$C,MATCH($B190,'de para abc'!$A:$A,0))),IFERROR(IF(INDEX('de para abc'!$C:$C,MATCH($C190,'de para abc'!$B:$B,0))=0,"C",INDEX('de para abc'!$C:$C,MATCH($C190,'de para abc'!$B:$B,0))),"C")) -> C | F190: 29
A191: SSO | C191: CALÇA CLARO FFA CINZA - EXGG | D191: UN | E191: =IFERROR(IF(INDEX('de para abc'!$C:$C,MATCH($B191,'de para abc'!$A:$A,0))=0,"C",INDEX('de para abc'!$C:$C,MATCH($B191,'de para abc'!$A:$A,0))),IFERROR(IF(INDEX('de para abc'!$C:$C,MATCH($C191,'de para abc'!$B:$B,0))=0,"C",INDEX('de para abc'!$C:$C,MATCH($C191,'de para abc'!$B:$B,0))),"C")) -> C | F191: 26
A192: SSO | B192: 1001697 | C192: CALÇA CLARO FFA CINZA - G | D192: UN | E192: =IFERROR(IF(INDEX('de para abc'!$C:$C,MATCH($B192,'de para abc'!$A:$A,0))=0,"C",INDEX('de para abc'!$C:$C,MATCH($B192,'de para abc'!$A:$A,0))),IFERROR(IF(INDEX('de para abc'!$C:$C,MATCH($C192,'de para abc'!$B:$B,0))=0,"C",INDEX('de para abc'!$C:$C,MATCH($C192,'de para abc'!$B:$B,0))),"C")) -> C | F192: 0
A193: SSO | B193: 1001698 | C193: CALÇA CLARO FFA CINZA - GG | D193: UN | E193: =IFERROR(IF(INDEX('de para abc'!$C:$C,MATCH($B193,'de para abc'!$A:$A,0))=0,"C",INDEX('de para abc'!$C:$C,MATCH($B193,'de para abc'!$A:$A,0))),IFERROR(IF(INDEX('de para abc'!$C:$C,MATCH($C193,'de para abc'!$B:$B,0))=0,"C",INDEX('de para abc'!$C:$C,MATCH($C193,'de para abc'!$B:$B,0))),"C")) -> C | F193: 1
A194: SSO | B194: 1001699 | C194: CALÇA CLARO FFA CINZA - XG | D194: UN | E194: =IFERROR(IF(INDEX('de para abc'!$C:$C,MATCH($B194,'de para abc'!$A:$A,0))=0,"C",INDEX('de para abc'!$C:$C,MATCH($B194,'de para abc'!$A:$A,0))),IFERROR(IF(INDEX('de para abc'!$C:$C,MATCH($C194,'de para abc'!$B:$B,0))=0,"C",INDEX('de para abc'!$C:$C,MATCH($C194,'de para abc'!$B:$B,0))),"C")) -> C | F194: 36
A195: SSO | B195: 1001916 | C195: CALÇA CLARO FFA CINZA – M | D195: PÇ | E195: =IFERROR(IF(INDEX('de para abc'!$C:$C,MATCH($B195,'de para abc'!$A:$A,0))=0,"C",INDEX('de para abc'!$C:$C,MATCH($B195,'de para abc'!$A:$A,0))),IFERROR(IF(INDEX('de para abc'!$C:$C,MATCH($C195,'de para abc'!$B:$B,0))=0,"C",INDEX('de para abc'!$C:$C,MATCH($C195,'de para abc'!$B:$B,0))),"C")) -> C | F195: 0
A196: SSO | B196: 1002148 | C196: CALÇA CLARO FFA CINZA - P | D196: UN | E196: =IFERROR(IF(INDEX('de para abc'!$C:$C,MATCH($B196,'de para abc'!$A:$A,0))=0,"C",INDEX('de para abc'!$C:$C,MATCH($B196,'de para abc'!$A:$A,0))),IFERROR(IF(INDEX('de para abc'!$C:$C,MATCH($C196,'de para abc'!$B:$B,0))=0,"C",INDEX('de para abc'!$C:$C,MATCH($C196,'de para abc'!$B:$B,0))),"C")) -> C | F196: 4
A197: SSO | B197: 1008923 | C197: CALÇA JEANS COM LOGO FFA 38 | D197: UN | E197: =IFERROR(IF(INDEX('de para abc'!$C:$C,MATCH($B197,'de para abc'!$A:$A,0))=0,"C",INDEX('de para abc'!$C:$C,MATCH($B197,'de para abc'!$A:$A,0))),IFERROR(IF(INDEX('de para abc'!$C:$C,MATCH($C197,'de para abc'!$B:$B,0))=0,"C",INDEX('de para abc'!$C:$C,MATCH($C197,'de para abc'!$B:$B,0))),"C")) -> C | F197: 5
A198: SSO | B198: 1001930 | C198: CALÇA JEANS COM LOGO FFA 42 | D198: UN | E198: =IFERROR(IF(INDEX('de para abc'!$C:$C,MATCH($B198,'de para abc'!$A:$A,0))=0,"C",INDEX('de para abc'!$C:$C,MATCH($B198,'de para abc'!$A:$A,0))),IFERROR(IF(INDEX('de para abc'!$C:$C,MATCH($C198,'de para abc'!$B:$B,0))=0,"C",INDEX('de para abc'!$C:$C,MATCH($C198,'de para abc'!$B:$B,0))),"C")) -> C | F198: 6
A199: SSO | B199: 1001931 | C199: CALÇA JEANS COM LOGO FFA 44 | D199: PÇ | E199: =IFERROR(IF(INDEX('de para abc'!$C:$C,MATCH($B199,'de para abc'!$A:$A,0))=0,"C",INDEX('de para abc'!$C:$C,MATCH($B199,'de para abc'!$A:$A,0))),IFERROR(IF(INDEX('de para abc'!$C:$C,MATCH($C199,'de para abc'!$B:$B,0))=0,"C",INDEX('de para abc'!$C:$C,MATCH($C199,'de para abc'!$B:$B,0))),"C")) -> C | F199: 5
A200: SSO | B200: 1006857 | C200: CAMISA GOLA POLO CLARO VERMELHO - EXG | D200: UN | E200: =IFERROR(IF(INDEX('de para abc'!$C:$C,MATCH($B200,'de para abc'!$A:$A,0))=0,"C",INDEX('de para abc'!$C:$C,MATCH($B200,'de para abc'!$A:$A,0))),IFERROR(IF(INDEX('de para abc'!$C:$C,MATCH($C200,'de para abc'!$B:$B,0))=0,"C",INDEX('de para abc'!$C:$C,MATCH($C200,'de para abc'!$B:$B,0))),"C")) -> C | F200: 44
A201: SSO | B201: 1002147 | C201: CAMISA GOLA POLO CLARO VERMELHO - EXG1 | D201: PÇ | E201: =IFERROR(IF(INDEX('de para abc'!$C:$C,MATCH($B201,'de para abc'!$A:$A,0))=0,"C",INDEX('de para abc'!$C:$C,MATCH($B201,'de para abc'!$A:$A,0))),IFERROR(IF(INDEX('de para abc'!$C:$C,MATCH($C201,'de para abc'!$B:$B,0))=0,"C",INDEX('de para abc'!$C:$C,MATCH($C201,'de para abc'!$B:$B,0))),"C")) -> C | F201: 0
A202: SSO | B202: 1006853 | C202: CAMISA GOLA POLO CLARO VERMELHO - G | D202: PÇ | E202: =IFERROR(IF(INDEX('de para abc'!$C:$C,MATCH($B202,'de para abc'!$A:$A,0))=0,"C",INDEX('de para abc'!$C:$C,MATCH($B202,'de para abc'!$A:$A,0))),IFERROR(IF(INDEX('de para abc'!$C:$C,MATCH($C202,'de para abc'!$B:$B,0))=0,"C",INDEX('de para abc'!$C:$C,MATCH($C202,'de para abc'!$B:$B,0))),"C")) -> C | F202: 38
A203: SSO | B203: 1006854 | C203: CAMISA GOLA POLO CLARO VERMELHO - GG | D203: PÇ | E203: =IFERROR(IF(INDEX('de para abc'!$C:$C,MATCH($B203,'de para abc'!$A:$A,0))=0,"C",INDEX('de para abc'!$C:$C,MATCH($B203,'de para abc'!$A:$A,0))),IFERROR(IF(INDEX('de para abc'!$C:$C,MATCH($C203,'de para abc'!$B:$B,0))=0,"C",INDEX('de para abc'!$C:$C,MATCH($C203,'de para abc'!$B:$B,0))),"C")) -> C | F203: 17
... A252: SSO | B252: 1001853 | C252: TRAVA QUEDAS MOD DOBRADIÇA CORDA 12M | D252: PÇ | E252: =IFERROR(IF(INDEX('de para abc'!$C:$C,MATCH($B252,'de para abc'!$A:$A,0))=0,"C",INDEX('de para abc'!$C:$C,MATCH($B252,'de para abc'!$A:$A,0))),IFERROR(IF(INDEX('de para abc'!$C:$C,MATCH($C252,'de para abc'!$B:$B,0))=0,"C",INDEX('de para abc'!$C:$C,MATCH($C252,'de para abc'!$B:$B,0))),"C")) -> C | F252: 21

Sheet JUIZ DE FORA
A1: CONSOLIDADO DE ESTOQUE — JUIZ DE FORA
A2: Itens da unidade Juiz de Fora. Classe (A/B/C) e código buscados nas abas 'de para abc' e 'de para codigo'.
A4: Categoria | B4: Código | C4: Descrição | D4: Unidade | E4: Classe (A/B/C) | F4: Quantidade | H4: Categoria | I4: Itens | J4: Quantidade
A5: FERRAMENTARIA | B5: 1006884 | C5: ALFABETO CHAPA VAZADA 25MM | D5: UN | E5: =IFERROR(IF(INDEX('de para abc'!$C:$C,MATCH($B5,'de para abc'!$A:$A,0))=0,"C",INDEX('de para abc'!$C:$C,MATCH($B5,'de para abc'!$A:$A,0))),IFERROR(IF(INDEX('de para abc'!$C:$C,MATCH($C5,'de para abc'!$B:$B,0))=0,"C",INDEX('de para abc'!$C:$C,MATCH($C5,'de para abc'!$B:$B,0))),"C")) -> C | F5: 2 | H5: FERRAMENTARIA | I5: =COUNTIF($A$5:$A$129,H5) -> 86 | J5: =SUMIF($A$5:$A$129,H5,$F$5:$F$129) -> 185
A6: FERRAMENTARIA | B6: 1006885 | C6: ALGARISMO CHAPA VAZADA | D6: UN | E6: =IFERROR(IF(INDEX('de para abc'!$C:$C,MATCH($B6,'de para abc'!$A:$A,0))=0,"C",INDEX('de para abc'!$C:$C,MATCH($B6,'de para abc'!$A:$A,0))),IFERROR(IF(INDEX('de para abc'!$C:$C,MATCH($C6,'de para abc'!$B:$B,0))=0,"C",INDEX('de para abc'!$C:$C,MATCH($C6,'de para abc'!$B:$B,0))),"C")) -> C | F6: 2 | H6: SSO | I6: =COUNTIF($A$5:$A$129,H6) -> 39 | J6: =SUMIF($A$5:$A$129,H6,$F$5:$F$129) -> 143
A7: FERRAMENTARIA | B7: 1000032 | C7: ALICATE DE BICO 6 | D7: PÇ | E7: =IFERROR(IF(INDEX('de para abc'!$C:$C,MATCH($B7,'de para abc'!$A:$A,0))=0,"C",INDEX('de para abc'!$C:$C,MATCH($B7,'de para abc'!$A:$A,0))),IFERROR(IF(INDEX('de para abc'!$C:$C,MATCH($C7,'de para abc'!$B:$B,0))=0,"C",INDEX('de para abc'!$C:$C,MATCH($C7,'de para abc'!$B:$B,0))),"C")) -> A | F7: 2 | H7: Total | I7: =SUM(I5:I6) -> 125 | J7: =SUM(J5:J6) -> 328
A8: FERRAMENTARIA | B8: 1000033 | C8: ALICATE DE CORTE 6 | D8: PÇ | E8: =IFERROR(IF(INDEX('de para abc'!$C:$C,MATCH($B8,'de para abc'!$A:$A,0))=0,"C",INDEX('de para abc'!$C:$C,MATCH($B8,'de para abc'!$A:$A,0))),IFERROR(IF(INDEX('de para abc'!$C:$C,MATCH($C8,'de para abc'!$B:$B,0))=0,"C",INDEX('de para abc'!$C:$C,MATCH($C8,'de para abc'!$B:$B,0))),"C")) -> A | F8: 2
A9: FERRAMENTARIA | B9: 1000037 | C9: ALICATE DECAPADOR DE FIBRA OPTICA | D9: PÇ | E9: =IFERROR(IF(INDEX('de para abc'!$C:$C,MATCH($B9,'de para abc'!$A:$A,0))=0,"C",INDEX('de para abc'!$C:$C,MATCH($B9,'de para abc'!$A:$A,0))),IFERROR(IF(INDEX('de para abc'!$C:$C,MATCH($C9,'de para abc'!$B:$B,0))=0,"C",INDEX('de para abc'!$C:$C,MATCH($C9,'de para abc'!$B:$B,0))),"C")) -> A | F9: 2
A10: FERRAMENTARIA | B10: 1001260 | C10: ALICATE P/ BOMBA DAGUA | D10: UND | E10: =IFERROR(IF(INDEX('de para abc'!$C:$C,MATCH($B10,'de para abc'!$A:$A,0))=0,"C",INDEX('de para abc'!$C:$C,MATCH($B10,'de para abc'!$A:$A,0))),IFERROR(IF(INDEX('de para abc'!$C:$C,MATCH($C10,'de para abc'!$B:$B,0))=0,"C",INDEX('de para abc'!$C:$C,MATCH($C10,'de para abc'!$B:$B,0))),"C")) -> C | F10: 1
A11: FERRAMENTARIA | B11: 1000039 | C11: ALICATE UNIVERSAL 8 | D11: PÇ | E11: =IFERROR(IF(INDEX('de para abc'!$C:$C,MATCH($B11,'de para abc'!$A:$A,0))=0,"C",INDEX('de para abc'!$C:$C,MATCH($B11,'de para abc'!$A:$A,0))),IFERROR(IF(INDEX('de para abc'!$C:$C,MATCH($C11,'de para abc'!$B:$B,0))=0,"C",INDEX('de para abc'!$C:$C,MATCH($C11,'de para abc'!$B:$B,0))),"C")) -> A | F11: 2
A12: FERRAMENTARIA | B12: 1001029 | C12: ARCO DE SERRA | D12: UND | E12: =IFERROR(IF(INDEX('de para abc'!$C:$C,MATCH($B12,'de para abc'!$A:$A,0))=0,"C",INDEX('de para abc'!$C:$C,MATCH($B12,'de para abc'!$A:$A,0))),IFERROR(IF(INDEX('de para abc'!$C:$C,MATCH($C12,'de para abc'!$B:$B,0))=0,"C",INDEX('de para abc'!$C:$C,MATCH($C12,'de para abc'!$B:$B,0))),"C")) -> C | F12: 2
A13: FERRAMENTARIA | B13: 1000049 | C13: BALDE DE LONA | D13: PÇ | E13: =IFERROR(IF(INDEX('de para abc'!$C:$C,MATCH($B13,'de para abc'!$A:$A,0))=0,"C",INDEX('de para abc'!$C:$C,MATCH($B13,'de para abc'!$A:$A,0))),IFERROR(IF(INDEX('de para abc'!$C:$C,MATCH($C13,'de para abc'!$B:$B,0))=0,"C",INDEX('de para abc'!$C:$C,MATCH($C13,'de para abc'!$B:$B,0))),"C")) -> A | F13: 2
A14: FERRAMENTARIA | B14: 1001110 | C14: BANQUETA PT ARQUPLAST | D14: PÇ | E14: =IFERROR(IF(INDEX('de para abc'!$C:$C,MATCH($B14,'de para abc'!$A:$A,0))=0,"C",INDEX('de para abc'!$C:$C,MATCH($B14,'de para abc'!$A:$A,0))),IFERROR(IF(INDEX('de para abc'!$C:$C,MATCH($C14,'de para abc'!$B:$B,0))=0,"C",INDEX('de para abc'!$C:$C,MATCH($C14,'de para abc'!$B:$B,0))),"C")) -> B | F14: 4
A15: FERRAMENTARIA | B15: 1000657 | C15: BARRACA TENDA GAZEBO | D15: PÇ | E15: =IFERROR(IF(INDEX('de para abc'!$C:$C,MATCH($B15,'de para abc'!$A:$A,0))=0,"C",INDEX('de para abc'!$C:$C,MATCH($B15,'de para abc'!$A:$A,0))),IFERROR(IF(INDEX('de para abc'!$C:$C,MATCH($C15,'de para abc'!$B:$B,0))=0,"C",INDEX('de para abc'!$C:$C,MATCH($C15,'de para abc'!$B:$B,0))),"C")) -> C | F15: 1
A16: FERRAMENTARIA | B16: 1001262 | C16: BICO P/ MAÇARICO PORTATIL A GAS | D16: UND | E16: =IFERROR(IF(INDEX('de para abc'!$C:$C,MATCH($B16,'de para abc'!$A:$A,0))=0,"C",INDEX('de para abc'!$C:$C,MATCH($B16,'de para abc'!$A:$A,0))),IFERROR(IF(INDEX('de para abc'!$C:$C,MATCH($C16,'de para abc'!$B:$B,0))=0,"C",INDEX('de para abc'!$C:$C,MATCH($C16,'de para abc'!$B:$B,0))),"C")) -> B | F16: 2
A17: FERRAMENTARIA | B17: 1000065 | C17: BOLSA DE LONA | D17: PÇ | E17: =IFERROR(IF(INDEX('de para abc'!$C:$C,MATCH($B17,'de para abc'!$A:$A,0))=0,"C",INDEX('de para abc'!$C:$C,MATCH($B17,'de para abc'!$A:$A,0))),IFERROR(IF(INDEX('de para abc'!$C:$C,MATCH($C17,'de para abc'!$B:$B,0))=0,"C",INDEX('de para abc'!$C:$C,MATCH($C17,'de para abc'!$B:$B,0))),"C")) -> A | F17: 2
A18: FERRAMENTARIA | B18: 1001307 | C18: BOLSA P/ KIT FIBRA OPTICA | D18: UND | E18: =IFERROR(IF(INDEX('de para abc'!$C:$C,MATCH($B18,'de para abc'!$A:$A,0))=0,"C",INDEX('de para abc'!$C:$C,MATCH($B18,'de para abc'!$A:$A,0))),IFERROR(IF(INDEX('de para abc'!$C:$C,MATCH($C18,'de para abc'!$B:$B,0))=0,"C",INDEX('de para abc'!$C:$C,MATCH($C18,'de para abc'!$B:$B,0))),"C")) -> A | F18: 1
A19: FERRAMENTARIA | B19: 1001185 | C19: CADEIRA DE FERRO DOBRÁVEL | D19: UN | E19: =IFERROR(IF(INDEX('de para abc'!$C:$C,MATCH($B19,'de para abc'!$A:$A,0))=0,"C",INDEX('de para abc'!$C:$C,MATCH($B19,'de para abc'!$A:$A,0))),IFERROR(IF(INDEX('de para abc'!$C:$C,MATCH($C19,'de para abc'!$B:$B,0))=0,"C",INDEX('de para abc'!$C:$C,MATCH($C19,'de para abc'!$B:$B,0))),"C")) -> C | F19: 1
... A129: SSO | B129: 1001853 | C129: TRAVA QUEDAS MOD DOBRADIÇA CORDA 12M | D129: PÇ | E129: =IFERROR(IF(INDEX('de para abc'!$C:$C,MATCH($B129,'de para abc'!$A:$A,0))=0,"C",INDEX('de para abc'!$C:$C,MATCH($B129,'de para abc'!$A:$A,0))),IFERROR(IF(INDEX('de para abc'!$C:$C,MATCH($C129,'de para abc'!$B:$B,0))=0,"C",INDEX('de para abc'!$C:$C,MATCH($C129,'de para abc'!$B:$B,0))),"C")) -> C | F129: 4

Sheet UBERLANDIA
A1: CONSOLIDADO DE ESTOQUE — UBERLANDIA
A2: Itens da unidade Uberlândia. Classe (A/B/C) e código buscados nas abas 'de para abc' e 'de para codigo'.
A4: Categoria | B4: Código | C4: Descrição | D4: Unidade | E4: Classe (A/B/C) | F4: Quantidade | H4: Categoria | I4: Itens | J4: Quantidade
A5: FERRAMENTARIA | B5: 1000032 | C5: ALICATE DE BICO 6 | D5: PÇ | E5: =IFERROR(IF(INDEX('de para abc'!$C:$C,MATCH($B5,'de para abc'!$A:$A,0))=0,"C",INDEX('de para abc'!$C:$C,MATCH($B5,'de para abc'!$A:$A,0))),IFERROR(IF(INDEX('de para abc'!$C:$C,MATCH($C5,'de para abc'!$B:$B,0))=0,"C",INDEX('de para abc'!$C:$C,MATCH($C5,'de para abc'!$B:$B,0))),"C")) -> A | F5: 0 | H5: FERRAMENTARIA | I5: =COUNTIF($A$5:$A$171,H5) -> 120 | J5: =SUMIF($A$5:$A$171,H5,$F$5:$F$171) -> 65
A6: FERRAMENTARIA | B6: 1000033 | C6: ALICATE DE CORTE 6 | D6: PÇ | E6: =IFERROR(IF(INDEX('de para abc'!$C:$C,MATCH($B6,'de para abc'!$A:$A,0))=0,"C",INDEX('de para abc'!$C:$C,MATCH($B6,'de para abc'!$A:$A,0))),IFERROR(IF(INDEX('de para abc'!$C:$C,MATCH($C6,'de para abc'!$B:$B,0))=0,"C",INDEX('de para abc'!$C:$C,MATCH($C6,'de para abc'!$B:$B,0))),"C")) -> A | F6: 1 | H6: SSO | I6: =COUNTIF($A$5:$A$171,H6) -> 47 | J6: =SUMIF($A$5:$A$171,H6,$F$5:$F$171) -> 58
A7: FERRAMENTARIA | B7: 1000035 | C7: ALICATE DE INSERÇÃO TERMINAL (BARGOA) | D7: UND | E7: =IFERROR(IF(INDEX('de para abc'!$C:$C,MATCH($B7,'de para abc'!$A:$A,0))=0,"C",INDEX('de para abc'!$C:$C,MATCH($B7,'de para abc'!$A:$A,0))),IFERROR(IF(INDEX('de para abc'!$C:$C,MATCH($C7,'de para abc'!$B:$B,0))=0,"C",INDEX('de para abc'!$C:$C,MATCH($C7,'de para abc'!$B:$B,0))),"C")) -> B | F7: 0 | H7: Total | I7: =SUM(I5:I6) -> 167 | J7: =SUM(J5:J6) -> 123
A8: FERRAMENTARIA | B8: 1000037 | C8: ALICATE DECAPADOR DE FIBRA OPTICA | D8: PÇ | E8: =IFERROR(IF(INDEX('de para abc'!$C:$C,MATCH($B8,'de para abc'!$A:$A,0))=0,"C",INDEX('de para abc'!$C:$C,MATCH($B8,'de para abc'!$A:$A,0))),IFERROR(IF(INDEX('de para abc'!$C:$C,MATCH($C8,'de para abc'!$B:$B,0))=0,"C",INDEX('de para abc'!$C:$C,MATCH($C8,'de para abc'!$B:$B,0))),"C")) -> A | F8: 0
A9: FERRAMENTARIA | B9: 1001260 | C9: ALICATE P/ BOMBA DAGUA | D9: UND | E9: =IFERROR(IF(INDEX('de para abc'!$C:$C,MATCH($B9,'de para abc'!$A:$A,0))=0,"C",INDEX('de para abc'!$C:$C,MATCH($B9,'de para abc'!$A:$A,0))),IFERROR(IF(INDEX('de para abc'!$C:$C,MATCH($C9,'de para abc'!$B:$B,0))=0,"C",INDEX('de para abc'!$C:$C,MATCH($C9,'de para abc'!$B:$B,0))),"C")) -> C | F9: 0
A10: FERRAMENTARIA | B10: 1000039 | C10: ALICATE UNIVERSAL 8 | D10: PÇ | E10: =IFERROR(IF(INDEX('de para abc'!$C:$C,MATCH($B10,'de para abc'!$A:$A,0))=0,"C",INDEX('de para abc'!$C:$C,MATCH($B10,'de para abc'!$A:$A,0))),IFERROR(IF(INDEX('de para abc'!$C:$C,MATCH($C10,'de para abc'!$B:$B,0))=0,"C",INDEX('de para abc'!$C:$C,MATCH($C10,'de para abc'!$B:$B,0))),"C")) -> A | F10: 1
A11: FERRAMENTARIA | B11: 30030829 | C11: AMP 1G/42MHZ HGD GM | D11: PÇ | E11: =IFERROR(IF(INDEX('de para abc'!$C:$C,MATCH($B11,'de para abc'!$A:$A,0))=0,"C",INDEX('de para abc'!$C:$C,MATCH($B11,'de para abc'!$A:$A,0))),IFERROR(IF(INDEX('de para abc'!$C:$C,MATCH($C11,'de para abc'!$B:$B,0))=0,"C",INDEX('de para abc'!$C:$C,MATCH($C11,'de para abc'!$B:$B,0))),"C")) -> C | F11: 0
A12: FERRAMENTARIA | B12: 1001029 | C12: ARCO DE SERRA | D12: UND | E12: =IFERROR(IF(INDEX('de para abc'!$C:$C,MATCH($B12,'de para abc'!$A:$A,0))=0,"C",INDEX('de para abc'!$C:$C,MATCH($B12,'de para abc'!$A:$A,0))),IFERROR(IF(INDEX('de para abc'!$C:$C,MATCH($C12,'de para abc'!$B:$B,0))=0,"C",INDEX('de para abc'!$C:$C,MATCH($C12,'de para abc'!$B:$B,0))),"C")) -> C | F12: 0
A13: FERRAMENTARIA | B13: 1000043 | C13: ARCO DE SERRA COM SERRA | D13: UND | E13: =IFERROR(IF(INDEX('de para abc'!$C:$C,MATCH($B13,'de para abc'!$A:$A,0))=0,"C",INDEX('de para abc'!$C:$C,MATCH($B13,'de para abc'!$A:$A,0))),IFERROR(IF(INDEX('de para abc'!$C:$C,MATCH($C13,'de para abc'!$B:$B,0))=0,"C",INDEX('de para abc'!$C:$C,MATCH($C13,'de para abc'!$B:$B,0))),"C")) -> C | F13: 1
A14: FERRAMENTARIA | B14: 1000049 | C14: BALDE DE LONA | D14: PÇ | E14: =IFERROR(IF(INDEX('de para abc'!$C:$C,MATCH($B14,'de para abc'!$A:$A,0))=0,"C",INDEX('de para abc'!$C:$C,MATCH($B14,'de para abc'!$A:$A,0))),IFERROR(IF(INDEX('de para abc'!$C:$C,MATCH($C14,'de para abc'!$B:$B,0))=0,"C",INDEX('de para abc'!$C:$C,MATCH($C14,'de para abc'!$B:$B,0))),"C")) -> A | F14: 0
A15: FERRAMENTARIA | B15: 1001262 | C15: BICO P/ MAÇARICO PORTATIL A GAS | D15: UND | E15: =IFERROR(IF(INDEX('de para abc'!$C:$C,MATCH($B15,'de para abc'!$A:$A,0))=0,"C",INDEX('de para abc'!$C:$C,MATCH($B15,'de para abc'!$A:$A,0))),IFERROR(IF(INDEX('de para abc'!$C:$C,MATCH($C15,'de para abc'!$B:$B,0))=0,"C",INDEX('de para abc'!$C:$C,MATCH($C15,'de para abc'!$B:$B,0))),"C")) -> B | F15: 0
A16: FERRAMENTARIA | B16: 1000066 | C16: BOMBA DRENAGEM 3 AV 80F | D16: UND | E16: =IFERROR(IF(INDEX('de para abc'!$C:$C,MATCH($B16,'de para abc'!$A:$A,0))=0,"C",INDEX('de para abc'!$C:$C,MATCH($B16,'de para abc'!$A:$A,0))),IFERROR(IF(INDEX('de para abc'!$C:$C,MATCH($C16,'de para abc'!$B:$B,0))=0,"C",INDEX('de para abc'!$C:$C,MATCH($C16,'de para abc'!$B:$B,0))),"C")) -> C | F16: 0
A17: FERRAMENTARIA | B17: 1001430 | C17: BOMBA SUBMERSÍVEL DE MANGOTE 3 BRANCO | D17: UND | E17: =IFERROR(IF(INDEX('de para abc'!$C:$C,MATCH($B17,'de para abc'!$A:$A,0))=0,"C",INDEX('de para abc'!$C:$C,MATCH($B17,'de para abc'!$A:$A,0))),IFERROR(IF(INDEX('de para abc'!$C:$C,MATCH($C17,'de para abc'!$B:$B,0))=0,"C",INDEX('de para abc'!$C:$C,MATCH($C17,'de para abc'!$B:$B,0))),"C")) -> C | F17: 0
A18: FERRAMENTARIA | B18: 1001686 | C18: BROCA DE AÇO RÁPIDO 8MM | D18: UND | E18: =IFERROR(IF(INDEX('de para abc'!$C:$C,MATCH($B18,'de para abc'!$A:$A,0))=0,"C",INDEX('de para abc'!$C:$C,MATCH($B18,'de para abc'!$A:$A,0))),IFERROR(IF(INDEX('de para abc'!$C:$C,MATCH($C18,'de para abc'!$B:$B,0))=0,"C",INDEX('de para abc'!$C:$C,MATCH($C18,'de para abc'!$B:$B,0))),"C")) -> C | F18: 0
A19: FERRAMENTARIA | B19: 1001680 | C19: BROCA DE WIDEA 10MM X 400MM ( LONGA) | D19: PÇ | E19: =IFERROR(IF(INDEX('de para abc'!$C:$C,MATCH($B19,'de para abc'!$A:$A,0))=0,"C",INDEX('de para abc'!$C:$C,MATCH($B19,'de para abc'!$A:$A,0))),IFERROR(IF(INDEX('de para abc'!$C:$C,MATCH($C19,'de para abc'!$B:$B,0))=0,"C",INDEX('de para abc'!$C:$C,MATCH($C19,'de para abc'!$B:$B,0))),"C")) -> A | F19: 0
... A77: FERRAMENTARIA | B77: 1000198 | C77: CHAVE PHILIPS PEQUENA | D77: UND | E77: =IFERROR(IF(INDEX('de para abc'!$C:$C,MATCH($B77,'de para abc'!$A:$A,0))=0,"C",INDEX('de para abc'!$C:$C,MATCH($B77,'de para abc'!$A:$A,0))),IFERROR(IF(INDEX('de para abc'!$C:$C,MATCH($C77,'de para abc'!$B:$B,0))=0,"C",INDEX('de para abc'!$C:$C,MATCH($C77,'de para abc'!$B:$B,0))),"C")) -> A | F77: 1
A78: FERRAMENTARIA | B78: 2000456 | C78: COLETE REFLETIVO DE SEGURANÇA TP BLUSÃO | E78: =IFERROR(IF(INDEX('de para abc'!$C:$C,MATCH($B78,'de para abc'!$A:$A,0))=0,"C",INDEX('de para abc'!$C:$C,MATCH($B78,'de para abc'!$A:$A,0))),IFERROR(IF(INDEX('de para abc'!$C:$C,MATCH($C78,'de para abc'!$B:$B,0))=0,"C",INDEX('de para abc'!$C:$C,MATCH($C78,'de para abc'!$B:$B,0))),"C")) -> C | F78: 0
A79: FERRAMENTARIA | B79: 1000207 | C79: COLHER DE PEDREIRO | D79: PÇ | E79: =IFERROR(IF(INDEX('de para abc'!$C:$C,MATCH($B79,'de para abc'!$A:$A,0))=0,"C",INDEX('de para abc'!$C:$C,MATCH($B79,'de para abc'!$A:$A,0))),IFERROR(IF(INDEX('de para abc'!$C:$C,MATCH($C79,'de para abc'!$B:$B,0))=0,"C",INDEX('de para abc'!$C:$C,MATCH($C79,'de para abc'!$B:$B,0))),"C")) -> C | F79: 0
A80: FERRAMENTARIA | B80: 1000480 | C80: CORDA DE NYLON | D80: UND | E80: =IFERROR(IF(INDEX('de para abc'!$C:$C,MATCH($B80,'de para abc'!$A:$A,0))=0,"C",INDEX('de para abc'!$C:$C,MATCH($B80,'de para abc'!$A:$A,0))),IFERROR(IF(INDEX('de para abc'!$C:$C,MATCH($C80,'de para abc'!$B:$B,0))=0,"C",INDEX('de para abc'!$C:$C,MATCH($C80,'de para abc'!$B:$B,0))),"C")) -> C | F80: 0
A81: FERRAMENTARIA | B81: 1001854 | C81: CORDA TRANC 12 MM LVM 20M | D81: PÇ | E81: =IFERROR(IF(INDEX('de para abc'!$C:$C,MATCH($B81,'de para abc'!$A:$A,0))=0,"C",INDEX('de para abc'!$C:$C,MATCH($B81,'de para abc'!$A:$A,0))),IFERROR(IF(INDEX('de para abc'!$C:$C,MATCH($C81,'de para abc'!$B:$B,0))=0,"C",INDEX('de para abc'!$C:$C,MATCH($C81,'de para abc'!$B:$B,0))),"C")) -> C | F81: 0
A82: FERRAMENTARIA | B82: 1000658 | C82: DESEMPENADEIRA | D82: PÇ | E82: =IFERROR(IF(INDEX('de para abc'!$C:$C,MATCH($B82,'de para abc'!$A:$A,0))=0,"C",INDEX('de para abc'!$C:$C,MATCH($B82,'de para abc'!$A:$A,0))),IFERROR(IF(INDEX('de para abc'!$C:$C,MATCH($C82,'de para abc'!$B:$B,0))=0,"C",INDEX('de para abc'!$C:$C,MATCH($C82,'de para abc'!$B:$B,0))),"C")) -> C | F82: 0
A83: FERRAMENTARIA | B83: 1000240 | C83: ENXADA | D83: PÇ | E83: =IFERROR(IF(INDEX('de para abc'!$C:$C,MATCH($B83,'de para abc'!$A:$A,0))=0,"C",INDEX('de para abc'!$C:$C,MATCH($B83,'de para abc'!$A:$A,0))),IFERROR(IF(INDEX('de para abc'!$C:$C,MATCH($C83,'de para abc'!$B:$B,0))=0,"C",INDEX('de para abc'!$C:$C,MATCH($C83,'de para abc'!$B:$B,0))),"C")) -> C | F83: 0
A84: FERRAMENTARIA | B84: 1001025 | C84: ENXADA COM CABO | D84: UND | E84: =IFERROR(IF(INDEX('de para abc'!$C:$C,MATCH($B84,'de para abc'!$A:$A,0))=0,"C",INDEX('de para abc'!$C:$C,MATCH($B84,'de para abc'!$A:$A,0))),IFERROR(IF(INDEX('de para abc'!$C:$C,MATCH($C84,'de para abc'!$B:$B,0))=0,"C",INDEX('de para abc'!$C:$C,MATCH($C84,'de para abc'!$B:$B,0))),"C")) -> C | F84: 1
A85: FERRAMENTARIA | B85: 1001447 | C85: ENXADA ESTREITA | D85: PÇ | E85: =IFERROR(IF(INDEX('de para abc'!$C:$C,MATCH($B85,'de para abc'!$A:$A,0))=0,"C",INDEX('de para abc'!$C:$C,MATCH($B85,'de para abc'!$A:$A,0))),IFERROR(IF(INDEX('de para abc'!$C:$C,MATCH($C85,'de para abc'!$B:$B,0))=0,"C",INDEX('de para abc'!$C:$C,MATCH($C85,'de para abc'!$B:$B,0))),"C")) -> C | F85: 1
A86: FERRAMENTARIA | B86: 1001284 | C86: ESCADA 7,20 MTS | D86: UND | E86: =IFERROR(IF(INDEX('de para abc'!$C:$C,MATCH($B86,'de para abc'!$A:$A,0))=0,"C",INDEX('de para abc'!$C:$C,MATCH($B86,'de para abc'!$A:$A,0))),IFERROR(IF(INDEX('de para abc'!$C:$C,MATCH($C86,'de para abc'!$B:$B,0))=0,"C",INDEX('de para abc'!$C:$C,MATCH($C86,'de para abc'!$B:$B,0))),"C")) -> C | F86: 1
A87: FERRAMENTARIA | C87: ESCADA DE 6,50MTS | D87: UN | E87: =IFERROR(IF(INDEX('de para abc'!$C:$C,MATCH($B87,'de para abc'!$A:$A,0))=0,"C",INDEX('de para abc'!$C:$C,MATCH($B87,'de para abc'!$A:$A,0))),IFERROR(IF(INDEX('de para abc'!$C:$C,MATCH($C87,'de para abc'!$B:$B,0))=0,"C",INDEX('de para abc'!$C:$C,MATCH($C87,'de para abc'!$B:$B,0))),"C")) -> C | F87: 1
A88: FERRAMENTARIA | B88: 1002254 | C88: ESPONJA DE PEDREIRO | D88: UN | E88: =IFERROR(IF(INDEX('de para abc'!$C:$C,MATCH($B88,'de para abc'!$A:$A,0))=0,"C",INDEX('de para abc'!$C:$C,MATCH($B88,'de para abc'!$A:$A,0))),IFERROR(IF(INDEX('de para abc'!$C:$C,MATCH($C88,'de para abc'!$B:$B,0))=0,"C",INDEX('de para abc'!$C:$C,MATCH($C88,'de para abc'!$B:$B,0))),"C")) -> C | F88: 0
A89: FERRAMENTARIA | B89: 1000258 | C89: EXTENSAO ELET. 10MTS | D89: PÇ | E89: =IFERROR(IF(INDEX('de para abc'!$C:$C,MATCH($B89,'de para abc'!$A:$A,0))=0,"C",INDEX('de para abc'!$C:$C,MATCH($B89,'de para abc'!$A:$A,0))),IFERROR(IF(INDEX('de para abc'!$C:$C,MATCH($C89,'de para abc'!$B:$B,0))=0,"C",INDEX('de para abc'!$C:$C,MATCH($C89,'de para abc'!$B:$B,0))),"C")) -> A | F89: 0
A90: FERRAMENTARIA | B90: 1000256 | C90: EXTENSÃO 20 MTS | D90: UND | E90: =IFERROR(IF(INDEX('de para abc'!$C:$C,MATCH($B90,'de para abc'!$A:$A,0))=0,"C",INDEX('de para abc'!$C:$C,MATCH($B90,'de para abc'!$A:$A,0))),IFERROR(IF(INDEX('de para abc'!$C:$C,MATCH($C90,'de para abc'!$B:$B,0))=0,"C",INDEX('de para abc'!$C:$C,MATCH($C90,'de para abc'!$B:$B,0))),"C")) -> B | F90: 1
A91: FERRAMENTARIA | B91: 1008917 | C91: EXTENSÃO 30 MTS | D91: UN | E91: =IFERROR(IF(INDEX('de para abc'!$C:$C,MATCH($B91,'de para abc'!$A:$A,0))=0,"C",INDEX('de para abc'!$C:$C,MATCH($B91,'de para abc'!$A:$A,0))),IFERROR(IF(INDEX('de para abc'!$C:$C,MATCH($C91,'de para abc'!$B:$B,0))=0,"C",INDEX('de para abc'!$C:$C,MATCH($C91,'de para abc'!$B:$B,0))),"C")) -> C | F91: 0
A92: FERRAMENTARIA | B92: 1001295 | C92: FACAO | D92: UND | E92: =IFERROR(IF(INDEX('de para abc'!$C:$C,MATCH($B92,'de para abc'!$A:$A,0))=0,"C",INDEX('de para abc'!$C:$C,MATCH($B92,'de para abc'!$A:$A,0))),IFERROR(IF(INDEX('de para abc'!$C:$C,MATCH($C92,'de para abc'!$B:$B,0))=0,"C",INDEX('de para abc'!$C:$C,MATCH($C92,'de para abc'!$B:$B,0))),"C")) -> C | F92: 0
A93: FERRAMENTARIA | B93: 1001264 | C93: FERRO DE ABRIR CAIXA TIPO T | D93: UND | E93: =IFERROR(IF(INDEX('de para abc'!$C:$C,MATCH($B93,'de para abc'!$A:$A,0))=0,"C",INDEX('de para abc'!$C:$C,MATCH($B93,'de para abc'!$A:$A,0))),IFERROR(IF(INDEX('de para abc'!$C:$C,MATCH($C93,'de para abc'!$B:$B,0))=0,"C",INDEX('de para abc'!$C:$C,MATCH($C93,'de para abc'!$B:$B,0))),"C")) -> A | F93: 0
A94: FERRAMENTARIA | B94: 1000284 | C94: FURADEIRA - IMPACTO | D94: UND | E94: =IFERROR(IF(INDEX('de para abc'!$C:$C,MATCH($B94,'de para abc'!$A:$A,0))=0,"C",INDEX('de para abc'!$C:$C,MATCH($B94,'de para abc'!$A:$A,0))),IFERROR(IF(INDEX('de para abc'!$C:$C,MATCH($C94,'de para abc'!$B:$B,0))=0,"C",INDEX('de para abc'!$C:$C,MATCH($C94,'de para abc'!$B:$B,0))),"C")) -> B | F94: 0
A95: FERRAMENTARIA | B95: 1008885 | C95: JOGO DE CHAVE CANHÃO 07 PEÇAS | D95: CJ | E95: =IFERROR(IF(INDEX('de para abc'!$C:$C,MATCH($B95,'de para abc'!$A:$A,0))=0,"C",INDEX('de para abc'!$C:$C,MATCH($B95,'de para abc'!$A:$A,0))),IFERROR(IF(INDEX('de para abc'!$C:$C,MATCH($C95,'de para abc'!$B:$B,0))=0,"C",INDEX('de para abc'!$C:$C,MATCH($C95,'de para abc'!$B:$B,0))),"C")) -> C | F95: 0
A96: FERRAMENTARIA | B96: 1002111 | C96: JOGO DE CHAVE COMBINADA 8 PÇS DE 9 A 17 (SEM 16) | D96: JG | E96: =IFERROR(IF(INDEX('de para abc'!$C:$C,MATCH($B96,'de para abc'!$A:$A,0))=0,"C",INDEX('de para abc'!$C:$C,MATCH($B96,'de para abc'!$A:$A,0))),IFERROR(IF(INDEX('de para abc'!$C:$C,MATCH($C96,'de para abc'!$B:$B,0))=0,"C",INDEX('de para abc'!$C:$C,MATCH($C96,'de para abc'!$B:$B,0))),"C")) -> C | F96: 0
A97: FERRAMENTARIA | B97: 1000319 | C97: LANTERNA | D97: UND | E97: =IFERROR(IF(INDEX('de para abc'!$C:$C,MATCH($B97,'de para abc'!$A:$A,0))=0,"C",INDEX('de para abc'!$C:$C,MATCH($B97,'de para abc'!$A:$A,0))),IFERROR(IF(INDEX('de para abc'!$C:$C,MATCH($C97,'de para abc'!$B:$B,0))=0,"C",INDEX('de para abc'!$C:$C,MATCH($C97,'de para abc'!$B:$B,0))),"C")) -> A | F97: 0
A98: FERRAMENTARIA | B98: 1001660 | C98: LANTERNA PARA CABEÇA | D98: PÇ | E98: =IFERROR(IF(INDEX('de para abc'!$C:$C,MATCH($B98,'de para abc'!$A:$A,0))=0,"C",INDEX('de para abc'!$C:$C,MATCH($B98,'de para abc'!$A:$A,0))),IFERROR(IF(INDEX('de para abc'!$C:$C,MATCH($C98,'de para abc'!$B:$B,0))=0,"C",INDEX('de para abc'!$C:$C,MATCH($C98,'de para abc'!$B:$B,0))),"C")) -> B | F98: 0
A99: FERRAMENTARIA | B99: 1002058 | C99: LENÇO UMIDECIDO COM ALCOOL PARA LIMPEZA | D99: UN | E99: =IFERROR(IF(INDEX('de para abc'!$C:$C,MATCH($B99,'de para abc'!$A:$A,0))=0,"C",INDEX('de para abc'!$C:$C,MATCH($B99,'de para abc'!$A:$A,0))),IFERROR(IF(INDEX('de para abc'!$C:$C,MATCH($C99,'de para abc'!$B:$B,0))=0,"C",INDEX('de para abc'!$C:$C,MATCH($C99,'de para abc'!$B:$B,0))),"C")) -> B | F99: 0
... A151: SSO | B151: 1000204 | C151: CINTO SEG. PQD C/3 PONTAS E PROT. LOMBAR-APASEG | D151: PÇ | E151: =IFERROR(IF(INDEX('de para abc'!$C:$C,MATCH($B151,'de para abc'!$A:$A,0))=0,"C",INDEX('de para abc'!$C:$C,MATCH($B151,'de para abc'!$A:$A,0))),IFERROR(IF(INDEX('de para abc'!$C:$C,MATCH($C151,'de para abc'!$B:$B,0))=0,"C",INDEX('de para abc'!$C:$C,MATCH($C151,'de para abc'!$B:$B,0))),"C")) -> C | F151: 3
A152: SSO | B152: 2000456 | C152: COLETE REFLETIVO DE SEGURANÇA TP BLUSÃO | E152: =IFERROR(IF(INDEX('de para abc'!$C:$C,MATCH($B152,'de para abc'!$A:$A,0))=0,"C",INDEX('de para abc'!$C:$C,MATCH($B152,'de para abc'!$A:$A,0))),IFERROR(IF(INDEX('de para abc'!$C:$C,MATCH($C152,'de para abc'!$B:$B,0))=0,"C",INDEX('de para abc'!$C:$C,MATCH($C152,'de para abc'!$B:$B,0))),"C")) -> C | F152: 0
A153: SSO | B153: 1000206 | C153: COLETE REFLETIVO TP X NOTURNO | D153: PÇ | E153: =IFERROR(IF(INDEX('de para abc'!$C:$C,MATCH($B153,'de para abc'!$A:$A,0))=0,"C",INDEX('de para abc'!$C:$C,MATCH($B153,'de para abc'!$A:$A,0))),IFERROR(IF(INDEX('de para abc'!$C:$C,MATCH($C153,'de para abc'!$B:$B,0))=0,"C",INDEX('de para abc'!$C:$C,MATCH($C153,'de para abc'!$B:$B,0))),"C")) -> C | F153: 6
A154: SSO | B154: 1001254 | C154: CONE REFLETIVO GRANDE | D154: UND | E154: =IFERROR(IF(INDEX('de para abc'!$C:$C,MATCH($B154,'de para abc'!$A:$A,0))=0,"C",INDEX('de para abc'!$C:$C,MATCH($B154,'de para abc'!$A:$A,0))),IFERROR(IF(INDEX('de para abc'!$C:$C,MATCH($C154,'de para abc'!$B:$B,0))=0,"C",INDEX('de para abc'!$C:$C,MATCH($C154,'de para abc'!$B:$B,0))),"C")) -> C | F154: 1
A155: SSO | B155: 1001854 | C155: CORDA TRANC 12 MM LVM 20M | D155: PÇ | E155: =IFERROR(IF(INDEX('de para abc'!$C:$C,MATCH($B155,'de para abc'!$A:$A,0))=0,"C",INDEX('de para abc'!$C:$C,MATCH($B155,'de para abc'!$A:$A,0))),IFERROR(IF(INDEX('de para abc'!$C:$C,MATCH($C155,'de para abc'!$B:$B,0))=0,"C",INDEX('de para abc'!$C:$C,MATCH($C155,'de para abc'!$B:$B,0))),"C")) -> C | F155: 1
A156: SSO | B156: 1006179 | C156: FREIO ABS PARA LINHA DE VIDA | D156: UN | E156: =IFERROR(IF(INDEX('de para abc'!$C:$C,MATCH($B156,'de para abc'!$A:$A,0))=0,"C",INDEX('de para abc'!$C:$C,MATCH($B156,'de para abc'!$A:$A,0))),IFERROR(IF(INDEX('de para abc'!$C:$C,MATCH($C156,'de para abc'!$B:$B,0))=0,"C",INDEX('de para abc'!$C:$C,MATCH($C156,'de para abc'!$B:$B,0))),"C")) -> C | F156: 2
A157: SSO | B157: 1001926 | C157: JAQUETA CLARO COM CAPUZ - EXG | D157: UN | E157: =IFERROR(IF(INDEX('de para abc'!$C:$C,MATCH($B157,'de para abc'!$A:$A,0))=0,"C",INDEX('de para abc'!$C:$C,MATCH($B157,'de para abc'!$A:$A,0))),IFERROR(IF(INDEX('de para abc'!$C:$C,MATCH($C157,'de para abc'!$B:$B,0))=0,"C",INDEX('de para abc'!$C:$C,MATCH($C157,'de para abc'!$B:$B,0))),"C")) -> C | F157: 0
A158: SSO | B158: 1001924 | C158: JAQUETA CLARO COM CAPUZ - GG | D158: UN | E158: =IFERROR(IF(INDEX('de para abc'!$C:$C,MATCH($B158,'de para abc'!$A:$A,0))=0,"C",INDEX('de para abc'!$C:$C,MATCH($B158,'de para abc'!$A:$A,0))),IFERROR(IF(INDEX('de para abc'!$C:$C,MATCH($C158,'de para abc'!$B:$B,0))=0,"C",INDEX('de para abc'!$C:$C,MATCH($C158,'de para abc'!$B:$B,0))),"C")) -> C | F158: 0
A159: SSO | B159: 1000665 | C159: LUVA DE MALHA PIGMENTADA | D159: PAR | E159: =IFERROR(IF(INDEX('de para abc'!$C:$C,MATCH($B159,'de para abc'!$A:$A,0))=0,"C",INDEX('de para abc'!$C:$C,MATCH($B159,'de para abc'!$A:$A,0))),IFERROR(IF(INDEX('de para abc'!$C:$C,MATCH($C159,'de para abc'!$B:$B,0))=0,"C",INDEX('de para abc'!$C:$C,MATCH($C159,'de para abc'!$B:$B,0))),"C")) -> C | F159: 1
A160: SSO | B160: 1000327 | C160: LUVA DE VAQUETA MISTA CANO CURTO | D160: PAR | E160: =IFERROR(IF(INDEX('de para abc'!$C:$C,MATCH($B160,'de para abc'!$A:$A,0))=0,"C",INDEX('de para abc'!$C:$C,MATCH($B160,'de para abc'!$A:$A,0))),IFERROR(IF(INDEX('de para abc'!$C:$C,MATCH($C160,'de para abc'!$B:$B,0))=0,"C",INDEX('de para abc'!$C:$C,MATCH($C160,'de para abc'!$B:$B,0))),"C")) -> C | F160: 1
A161: SSO | B161: 1002247 | C161: LUVA NITRILICA FOR. VERDE T10 CA41819 IMBAT | D161: UN | E161: =IFERROR(IF(INDEX('de para abc'!$C:$C,MATCH($B161,'de para abc'!$A:$A,0))=0,"C",INDEX('de para abc'!$C:$C,MATCH($B161,'de para abc'!$A:$A,0))),IFERROR(IF(INDEX('de para abc'!$C:$C,MATCH($C161,'de para abc'!$B:$B,0))=0,"C",INDEX('de para abc'!$C:$C,MATCH($C161,'de para abc'!$B:$B,0))),"C")) -> C | F161: 0
A162: SSO | B162: 1002248 | C162: LUVA PVC FORRADA ASPERA 35CM PLASTCOR CA 34570 | D162: UN | E162: =IFERROR(IF(INDEX('de para abc'!$C:$C,MATCH($B162,'de para abc'!$A:$A,0))=0,"C",INDEX('de para abc'!$C:$C,MATCH($B162,'de para abc'!$A:$A,0))),IFERROR(IF(INDEX('de para abc'!$C:$C,MATCH($C162,'de para abc'!$B:$B,0))=0,"C",INDEX('de para abc'!$C:$C,MATCH($C162,'de para abc'!$B:$B,0))),"C")) -> C | F162: 0
A163: SSO | B163: 1002249 | C163: MACACAO PROTECAO QUIM XG BR. CA42194 IMBAT | D163: UN | E163: =IFERROR(IF(INDEX('de para abc'!$C:$C,MATCH($B163,'de para abc'!$A:$A,0))=0,"C",INDEX('de para abc'!$C:$C,MATCH($B163,'de para abc'!$A:$A,0))),IFERROR(IF(INDEX('de para abc'!$C:$C,MATCH($C163,'de para abc'!$B:$B,0))=0,"C",INDEX('de para abc'!$C:$C,MATCH($C163,'de para abc'!$B:$B,0))),"C")) -> C | F163: 0
A164: SSO | B164: 1006840 | C164: MASCARA RESPIRATÓRIA PFF1 S/ VÁLVULA | D164: PÇ | E164: =IFERROR(IF(INDEX('de para abc'!$C:$C,MATCH($B164,'de para abc'!$A:$A,0))=0,"C",INDEX('de para abc'!$C:$C,MATCH($B164,'de para abc'!$A:$A,0))),IFERROR(IF(INDEX('de para abc'!$C:$C,MATCH($C164,'de para abc'!$B:$B,0))=0,"C",INDEX('de para abc'!$C:$C,MATCH($C164,'de para abc'!$B:$B,0))),"C")) -> C | F164: 1
... A171: SSO | B171: 1000367 | C171: ÓCULOS DE PROTEÇÃO INCOLOR | D171: UND | E171: =IFERROR(IF(INDEX('de para abc'!$C:$C,MATCH($B171,'de para abc'!$A:$A,0))=0,"C",INDEX('de para abc'!$C:$C,MATCH($B171,'de para abc'!$A:$A,0))),IFERROR(IF(INDEX('de para abc'!$C:$C,MATCH($C171,'de para abc'!$B:$B,0))=0,"C",INDEX('de para abc'!$C:$C,MATCH($C171,'de para abc'!$B:$B,0))),"C")) -> C | F171: 6

Sheet VARGINIA
A1: CONSOLIDADO DE ESTOQUE — VARGINHA
A2: Itens da unidade Varginha. Classe (A/B/C) e código buscados nas abas 'de para abc' e 'de para codigo'.
A4: Categoria | B4: Código | C4: Descrição | D4: Unidade | E4: Classe (A/B/C) | F4: Quantidade | H4: Categoria | I4: Itens | J4: Quantidade
A5: FERRAMENTARIA | B5: 1001663 | C5: ADAPTADOR P/ CONECTOR SC-APC (POWER METER) | D5: UN | E5: =IFERROR(IF(INDEX('de para abc'!$C:$C,MATCH($B5,'de para abc'!$A:$A,0))=0,"C",INDEX('de para abc'!$C:$C,MATCH($B5,'de para abc'!$A:$A,0))),IFERROR(IF(INDEX('de para abc'!$C:$C,MATCH($C5,'de para abc'!$B:$B,0))=0,"C",INDEX('de para abc'!$C:$C,MATCH($C5,'de para abc'!$B:$B,0))),"C")) -> B | F5: 1 | H5: FERRAMENTARIA | I5: =COUNTIF($A$5:$A$168,H5) -> 103 | J5: =SUMIF($A$5:$A$168,H5,$F$5:$F$168) -> 269
A6: FERRAMENTARIA | B6: 0458-0008-1 | C6: ADAPTADOR P/ CONECTOR ÓPTICO SC-PC | D6: UND | E6: =IFERROR(IF(INDEX('de para abc'!$C:$C,MATCH($B6,'de para abc'!$A:$A,0))=0,"C",INDEX('de para abc'!$C:$C,MATCH($B6,'de para abc'!$A:$A,0))),IFERROR(IF(INDEX('de para abc'!$C:$C,MATCH($C6,'de para abc'!$B:$B,0))=0,"C",INDEX('de para abc'!$C:$C,MATCH($C6,'de para abc'!$B:$B,0))),"C")) -> C | F6: 4 | H6: SSO | I6: =COUNTIF($A$5:$A$168,H6) -> 61 | J6: =SUMIF($A$5:$A$168,H6,$F$5:$F$168) -> 255
A7: FERRAMENTARIA | B7: 1000021 | C7: ALAVANCA DE AÇO 1,45MTS | D7: PÇ | E7: =IFERROR(IF(INDEX('de para abc'!$C:$C,MATCH($B7,'de para abc'!$A:$A,0))=0,"C",INDEX('de para abc'!$C:$C,MATCH($B7,'de para abc'!$A:$A,0))),IFERROR(IF(INDEX('de para abc'!$C:$C,MATCH($C7,'de para abc'!$B:$B,0))=0,"C",INDEX('de para abc'!$C:$C,MATCH($C7,'de para abc'!$B:$B,0))),"C")) -> C | F7: 1 | H7: Total | I7: =SUM(I5:I6) -> 164 | J7: =SUM(J5:J6) -> 524
A8: FERRAMENTARIA | B8: 1000032 | C8: ALICATE DE BICO 6 | D8: PÇ | E8: =IFERROR(IF(INDEX('de para abc'!$C:$C,MATCH($B8,'de para abc'!$A:$A,0))=0,"C",INDEX('de para abc'!$C:$C,MATCH($B8,'de para abc'!$A:$A,0))),IFERROR(IF(INDEX('de para abc'!$C:$C,MATCH($C8,'de para abc'!$B:$B,0))=0,"C",INDEX('de para abc'!$C:$C,MATCH($C8,'de para abc'!$B:$B,0))),"C")) -> A | F8: 7
A9: FERRAMENTARIA | B9: 1000033 | C9: ALICATE DE CORTE 6 | D9: PÇ | E9: =IFERROR(IF(INDEX('de para abc'!$C:$C,MATCH($B9,'de para abc'!$A:$A,0))=0,"C",INDEX('de para abc'!$C:$C,MATCH($B9,'de para abc'!$A:$A,0))),IFERROR(IF(INDEX('de para abc'!$C:$C,MATCH($C9,'de para abc'!$B:$B,0))=0,"C",INDEX('de para abc'!$C:$C,MATCH($C9,'de para abc'!$B:$B,0))),"C")) -> A | F9: 3
A10: FERRAMENTARIA | B10: 1000037 | C10: ALICATE DECAPADOR DE FIBRA OPTICA | D10: PÇ | E10: =IFERROR(IF(INDEX('de para abc'!$C:$C,MATCH($B10,'de para abc'!$A:$A,0))=0,"C",INDEX('de para abc'!$C:$C,MATCH($B10,'de para abc'!$A:$A,0))),IFERROR(IF(INDEX('de para abc'!$C:$C,MATCH($C10,'de para abc'!$B:$B,0))=0,"C",INDEX('de para abc'!$C:$C,MATCH($C10,'de para abc'!$B:$B,0))),"C")) -> A | F10: 7
A11: FERRAMENTARIA | B11: 1001260 | C11: ALICATE P/ BOMBA DAGUA | D11: UND | E11: =IFERROR(IF(INDEX('de para abc'!$C:$C,MATCH($B11,'de para abc'!$A:$A,0))=0,"C",INDEX('de para abc'!$C:$C,MATCH($B11,'de para abc'!$A:$A,0))),IFERROR(IF(INDEX('de para abc'!$C:$C,MATCH($C11,'de para abc'!$B:$B,0))=0,"C",INDEX('de para abc'!$C:$C,MATCH($C11,'de para abc'!$B:$B,0))),"C")) -> C | F11: 1
A12: FERRAMENTARIA | B12: 1000039 | C12: ALICATE UNIVERSAL 8 | D12: PÇ | E12: =IFERROR(IF(INDEX('de para abc'!$C:$C,MATCH($B12,'de para abc'!$A:$A,0))=0,"C",INDEX('de para abc'!$C:$C,MATCH($B12,'de para abc'!$A:$A,0))),IFERROR(IF(INDEX('de para abc'!$C:$C,MATCH($C12,'de para abc'!$B:$B,0))=0,"C",INDEX('de para abc'!$C:$C,MATCH($C12,'de para abc'!$B:$B,0))),"C")) -> A | F12: 4
A13: FERRAMENTARIA | B13: 1001029 | C13: ARCO DE SERRA | D13: UND | E13: =IFERROR(IF(INDEX('de para abc'!$C:$C,MATCH($B13,'de para abc'!$A:$A,0))=0,"C",INDEX('de para abc'!$C:$C,MATCH($B13,'de para abc'!$A:$A,0))),IFERROR(IF(INDEX('de para abc'!$C:$C,MATCH($C13,'de para abc'!$B:$B,0))=0,"C",INDEX('de para abc'!$C:$C,MATCH($C13,'de para abc'!$B:$B,0))),"C")) -> C | F13: 1
A14: FERRAMENTARIA | B14: 1000049 | C14: BALDE DE LONA | D14: PÇ | E14: =IFERROR(IF(INDEX('de para abc'!$C:$C,MATCH($B14,'de para abc'!$A:$A,0))=0,"C",INDEX('de para abc'!$C:$C,MATCH($B14,'de para abc'!$A:$A,0))),IFERROR(IF(INDEX('de para abc'!$C:$C,MATCH($C14,'de para abc'!$B:$B,0))=0,"C",INDEX('de para abc'!$C:$C,MATCH($C14,'de para abc'!$B:$B,0))),"C")) -> A | F14: 3
A15: FERRAMENTARIA | B15: 1001262 | C15: BICO P/ MAÇARICO PORTATIL A GAS | D15: UND | E15: =IFERROR(IF(INDEX('de para abc'!$C:$C,MATCH($B15,'de para abc'!$A:$A,0))=0,"C",INDEX('de para abc'!$C:$C,MATCH($B15,'de para abc'!$A:$A,0))),IFERROR(IF(INDEX('de para abc'!$C:$C,MATCH($C15,'de para abc'!$B:$B,0))=0,"C",INDEX('de para abc'!$C:$C,MATCH($C15,'de para abc'!$B:$B,0))),"C")) -> B | F15: 3
A16: FERRAMENTARIA | B16: 1000065 | C16: BOLSA DE LONA | D16: PÇ | E16: =IFERROR(IF(INDEX('de para abc'!$C:$C,MATCH($B16,'de para abc'!$A:$A,0))=0,"C",INDEX('de para abc'!$C:$C,MATCH($B16,'de para abc'!$A:$A,0))),IFERROR(IF(INDEX('de para abc'!$C:$C,MATCH($C16,'de para abc'!$B:$B,0))=0,"C",INDEX('de para abc'!$C:$C,MATCH($C16,'de para abc'!$B:$B,0))),"C")) -> A | F16: 3
A17: FERRAMENTARIA | B17: 1001307 | C17: BOLSA P/ KIT FIBRA OPTICA | D17: UND | E17: =IFERROR(IF(INDEX('de para abc'!$C:$C,MATCH($B17,'de para abc'!$A:$A,0))=0,"C",INDEX('de para abc'!$C:$C,MATCH($B17,'de para abc'!$A:$A,0))),IFERROR(IF(INDEX('de para abc'!$C:$C,MATCH($C17,'de para abc'!$B:$B,0))=0,"C",INDEX('de para abc'!$C:$C,MATCH($C17,'de para abc'!$B:$B,0))),"C")) -> A | F17: 1
A18: FERRAMENTARIA | B18: 1001185 | C18: CADEIRA DE FERRO DOBRAVEL | D18: UND | E18: =IFERROR(IF(INDEX('de para abc'!$C:$C,MATCH($B18,'de para abc'!$A:$A,0))=0,"C",INDEX('de para abc'!$C:$C,MATCH($B18,'de para abc'!$A:$A,0))),IFERROR(IF(INDEX('de para abc'!$C:$C,MATCH($C18,'de para abc'!$B:$B,0))=0,"C",INDEX('de para abc'!$C:$C,MATCH($C18,'de para abc'!$B:$B,0))),"C")) -> C | F18: 1
